Barrio,DESTINO,cantidad_ocio_comercio,cantidad_oficinas,cantidad_residencial,centros_docentes,distancia_al_mar,nivel_socio_economico,Valor/m2_predicho
ALBUFERETA,COMERCIO,0.42222964748993813,0.008209704836964583,0.6993800929499675,0.17391304347826086,0.916350483640153,0.9999999999999999,0.46053630593935946
ALBUFERETA,CULTURAL,0.42222964748993813,0.008209704836964583,0.6993800929499675,0.17391304347826086,0.916350483640153,0.9999999999999999,0.5371581676969406
ALBUFERETA,DEPORTIVO,0.42222964748993813,0.008209704836964583,0.6993800929499675,0.17391304347826086,0.916350483640153,0.9999999999999999,0.5338992020859572
ALBUFERETA,EDIF. SINGULAR,0.42222964748993813,0.008209704836964583,0.6993800929499675,0.17391304347826086,0.916350483640153,0.9999999999999999,0.5258481932240862
ALBUFERETA,ESPECTACULOS,0.42222964748993813,0.008209704836964583,0.6993800929499675,0.17391304347826086,0.916350483640153,0.9999999999999999,0.5365574030376952
ALBUFERETA,INDUSTRIAL,0.42222964748993813,0.008209704836964583,0.6993800929499675,0.17391304347826086,0.916350483640153,0.9999999999999999,0.583665095897171
ALBUFERETA,OCIO-HOSTELERIA,0.42222964748993813,0.008209704836964583,0.6993800929499675,0.17391304347826086,0.916350483640153,0.9999999999999999,0.5346522331270922
ALBUFERETA,OFICINA,0.42222964748993813,0.008209704836964583,0.6993800929499675,0.17391304347826086,0.916350483640153,0.9999999999999999,0.4548677551501634
ALBUFERETA,PUERTOS COMERC.,0.42222964748993813,0.008209704836964583,0.6993800929499675,0.17391304347826086,0.916350483640153,0.9999999999999999,0.5089210108667894
ALBUFERETA,RELIGIOSO,0.42222964748993813,0.008209704836964583,0.6993800929499675,0.17391304347826086,0.916350483640153,0.9999999999999999,0.5365574030376952
ALBUFERETA,RESIDENCIAL,0.42222964748993813,0.008209704836964583,0.6993800929499675,0.17391304347826086,0.916350483640153,0.9999999999999999,0.5646847544432108
ALBUFERETA,"SANIDAD,BENEF.",0.42222964748993813,0.008209704836964583,0.6993800929499675,0.17391304347826086,0.916350483640153,0.9999999999999999,0.527226111335767
ALBUFERETA,SOLARES,0.42222964748993813,0.008209704836964583,0.6993800929499675,0.17391304347826086,0.916350483640153,0.9999999999999999,0.5761053975268204
ALIPARK,COMERCIO,0.6605808482315989,0.06789640637900313,0.6279454660933971,0.043478260869565216,0.7415857146216926,0.16388209725618041,0.43177591111330993
ALIPARK,CULTURAL,0.6605808482315989,0.06789640637900313,0.6279454660933971,0.043478260869565216,0.7415857146216926,0.16388209725618041,0.5381214233213356
ALIPARK,DEPORTIVO,0.6605808482315989,0.06789640637900313,0.6279454660933971,0.043478260869565216,0.7415857146216926,0.16388209725618041,0.5308499509473832
ALIPARK,EDIF. SINGULAR,0.6605808482315989,0.06789640637900313,0.6279454660933971,0.043478260869565216,0.7415857146216926,0.16388209725618041,0.5274122135077264
ALIPARK,ESPECTACULOS,0.6605808482315989,0.06789640637900313,0.6279454660933971,0.043478260869565216,0.7415857146216926,0.16388209725618041,0.5381214233213356
ALIPARK,INDUSTRIAL,0.6605808482315989,0.06789640637900313,0.6279454660933971,0.043478260869565216,0.7415857146216926,0.16388209725618041,0.5592255425154444
ALIPARK,OCIO-HOSTELERIA,0.6605808482315989,0.06789640637900313,0.6279454660933971,0.043478260869565216,0.7415857146216926,0.16388209725618041,0.5381214233213356
ALIPARK,OFICINA,0.6605808482315989,0.06789640637900313,0.6279454660933971,0.043478260869565216,0.7415857146216926,0.16388209725618041,0.4501451706009605
ALIPARK,PUERTOS COMERC.,0.6605808482315989,0.06789640637900313,0.6279454660933971,0.043478260869565216,0.7415857146216926,0.16388209725618041,0.5074987836566034
ALIPARK,RELIGIOSO,0.6605808482315989,0.06789640637900313,0.6279454660933971,0.043478260869565216,0.7415857146216926,0.16388209725618041,0.5381214233213356
ALIPARK,RESIDENCIAL,0.6605808482315989,0.06789640637900313,0.6279454660933971,0.043478260869565216,0.7415857146216926,0.16388209725618041,0.5743920764429571
ALIPARK,"SANIDAD,BENEF.",0.6605808482315989,0.06789640637900313,0.6279454660933971,0.043478260869565216,0.7415857146216926,0.16388209725618041,0.5203357818776808
ALIPARK,SOLARES,0.6605808482315989,0.06789640637900313,0.6279454660933971,0.043478260869565216,0.7415857146216926,0.16388209725618041,0.5881059525072241
ALTOZANO-CONDE LUMIARES,COMERCIO,0.6024223449561259,0.009484952487684028,0.6013179578307054,0.21739130434782608,0.5682566598152399,0.13861722358054884,0.5397708794388762
ALTOZANO-CONDE LUMIARES,CULTURAL,0.6024223449561259,0.009484952487684028,0.6013179578307054,0.21739130434782608,0.5682566598152399,0.13861722358054884,0.6263200872675632
ALTOZANO-CONDE LUMIARES,DEPORTIVO,0.6024223449561259,0.009484952487684028,0.6013179578307054,0.21739130434782608,0.5682566598152399,0.13861722358054884,0.6230611216565796
ALTOZANO-CONDE LUMIARES,EDIF. SINGULAR,0.6024223449561259,0.009484952487684028,0.6013179578307054,0.21739130434782608,0.5682566598152399,0.13861722358054884,0.6150101127947087
ALTOZANO-CONDE LUMIARES,ESPECTACULOS,0.6024223449561259,0.009484952487684028,0.6013179578307054,0.21739130434782608,0.5682566598152399,0.13861722358054884,0.6257193226083175
ALTOZANO-CONDE LUMIARES,INDUSTRIAL,0.6024223449561259,0.009484952487684028,0.6013179578307054,0.21739130434782608,0.5682566598152399,0.13861722358054884,0.6571396804867582
ALTOZANO-CONDE LUMIARES,OCIO-HOSTELERIA,0.6024223449561259,0.009484952487684028,0.6013179578307054,0.21739130434782608,0.5682566598152399,0.13861722358054884,0.6257193226083175
ALTOZANO-CONDE LUMIARES,OFICINA,0.6024223449561259,0.009484952487684028,0.6013179578307054,0.21739130434782608,0.5682566598152399,0.13861722358054884,0.5339619728400435
ALTOZANO-CONDE LUMIARES,PUERTOS COMERC.,0.6024223449561259,0.009484952487684028,0.6013179578307054,0.21739130434782608,0.5682566598152399,0.13861722358054884,0.6220694465172825
ALTOZANO-CONDE LUMIARES,RELIGIOSO,0.6024223449561259,0.009484952487684028,0.6013179578307054,0.21739130434782608,0.5682566598152399,0.13861722358054884,0.6257193226083175
ALTOZANO-CONDE LUMIARES,RESIDENCIAL,0.6024223449561259,0.009484952487684028,0.6013179578307054,0.21739130434782608,0.5682566598152399,0.13861722358054884,0.646808859955841
ALTOZANO-CONDE LUMIARES,"SANIDAD,BENEF.",0.6024223449561259,0.009484952487684028,0.6013179578307054,0.21739130434782608,0.5682566598152399,0.13861722358054884,0.5986023894627348
ALTOZANO-CONDE LUMIARES,SOLARES,0.6024223449561259,0.009484952487684028,0.6013179578307054,0.21739130434782608,0.5682566598152399,0.13861722358054884,0.6799733501824026
BENALÚA,COMERCIO,0.692616161091519,0.08732018019166597,0.5725303206207364,0.17391304347826086,0.8345403151737034,0.34813909263787013,0.3635316001831914
BENALÚA,CULTURAL,0.692616161091519,0.08732018019166597,0.5725303206207364,0.17391304347826086,0.8345403151737034,0.34813909263787013,0.4914881871303105
BENALÚA,DEPORTIVO,0.692616161091519,0.08732018019166597,0.5725303206207364,0.17391304347826086,0.8345403151737034,0.34813909263787013,0.4842167147563583
BENALÚA,EDIF. SINGULAR,0.692616161091519,0.08732018019166597,0.5725303206207364,0.17391304347826086,0.8345403151737034,0.34813909263787013,0.4807789773167013
BENALÚA,ESPECTACULOS,0.692616161091519,0.08732018019166597,0.5725303206207364,0.17391304347826086,0.8345403151737034,0.34813909263787013,0.4914881871303105
BENALÚA,INDUSTRIAL,0.692616161091519,0.08732018019166597,0.5725303206207364,0.17391304347826086,0.8345403151737034,0.34813909263787013,0.5192398504786644
BENALÚA,OCIO-HOSTELERIA,0.692616161091519,0.08732018019166597,0.5725303206207364,0.17391304347826086,0.8345403151737034,0.34813909263787013,0.4914881871303105
BENALÚA,OFICINA,0.692616161091519,0.08732018019166597,0.5725303206207364,0.17391304347826086,0.8345403151737034,0.34813909263787013,0.3731556910656202
BENALÚA,PUERTOS COMERC.,0.692616161091519,0.08732018019166597,0.5725303206207364,0.17391304347826086,0.8345403151737034,0.34813909263787013,0.4670049602607309
BENALÚA,RELIGIOSO,0.692616161091519,0.08732018019166597,0.5725303206207364,0.17391304347826086,0.8345403151737034,0.34813909263787013,0.4914881871303105
BENALÚA,RESIDENCIAL,0.692616161091519,0.08732018019166597,0.5725303206207364,0.17391304347826086,0.8345403151737034,0.34813909263787013,0.5277650174709094
BENALÚA,"SANIDAD,BENEF.",0.692616161091519,0.08732018019166597,0.5725303206207364,0.17391304347826086,0.8345403151737034,0.34813909263787013,0.48290851270727253
BENALÚA,SOLARES,0.692616161091519,0.08732018019166597,0.5725303206207364,0.17391304347826086,0.8345403151737034,0.34813909263787013,0.5494644781326774
BENISAUDET,COMERCIO,0.5223753083598593,0.011087911787985415,0.6959453004014247,0.13043478260869565,0.4343659984151107,0.20042108122792712,0.5823154219552533
BENISAUDET,CULTURAL,0.5223753083598593,0.011087911787985415,0.6959453004014247,0.13043478260869565,0.4343659984151107,0.20042108122792712,0.6600150381697034
BENISAUDET,DEPORTIVO,0.5223753083598593,0.011087911787985415,0.6959453004014247,0.13043478260869565,0.4343659984151107,0.20042108122792712,0.6648108992063875
BENISAUDET,EDIF. SINGULAR,0.5223753083598593,0.011087911787985415,0.6959453004014247,0.13043478260869565,0.4343659984151107,0.20042108122792712,0.6493058283560946
BENISAUDET,ESPECTACULOS,0.5223753083598593,0.011087911787985415,0.6959453004014247,0.13043478260869565,0.4343659984151107,0.20042108122792712,0.6600150381697034
BENISAUDET,INDUSTRIAL,0.5223753083598593,0.011087911787985415,0.6959453004014247,0.13043478260869565,0.4343659984151107,0.20042108122792712,0.6906921519300258
BENISAUDET,OCIO-HOSTELERIA,0.5223753083598593,0.011087911787985415,0.6959453004014247,0.13043478260869565,0.4343659984151107,0.20042108122792712,0.6600150381697034
BENISAUDET,OFICINA,0.5223753083598593,0.011087911787985415,0.6959453004014247,0.13043478260869565,0.4343659984151107,0.20042108122792712,0.5857321626928378
BENISAUDET,PUERTOS COMERC.,0.5223753083598593,0.011087911787985415,0.6959453004014247,0.13043478260869565,0.4343659984151107,0.20042108122792712,0.6495587256321846
BENISAUDET,RELIGIOSO,0.5223753083598593,0.011087911787985415,0.6959453004014247,0.13043478260869565,0.4343659984151107,0.20042108122792712,0.6600150381697034
BENISAUDET,RESIDENCIAL,0.5223753083598593,0.011087911787985415,0.6959453004014247,0.13043478260869565,0.4343659984151107,0.20042108122792712,0.6863911181643376
BENISAUDET,"SANIDAD,BENEF.",0.5223753083598593,0.011087911787985415,0.6959453004014247,0.13043478260869565,0.4343659984151107,0.20042108122792712,0.5880154585139881
BENISAUDET,SOLARES,0.5223753083598593,0.011087911787985415,0.6959453004014247,0.13043478260869565,0.4343659984151107,0.20042108122792712,0.7244295291633482
CABO DE LAS HUERTAS,COMERCIO,0.22679533465666019,0.0030043612400253474,0.6722135059293831,0.21739130434782608,0.8980423728903589,0.9999999999999999,0.251041111908346
CABO DE LAS HUERTAS,CULTURAL,0.22679533465666019,0.0030043612400253474,0.6722135059293831,0.21739130434782608,0.8980423728903589,0.9999999999999999,0.32059245647763235
CABO DE LAS HUERTAS,DEPORTIVO,0.22679533465666019,0.0030043612400253474,0.6722135059293831,0.21739130434782608,0.8980423728903589,0.9999999999999999,0.32047267574038996
CABO DE LAS HUERTAS,EDIF. SINGULAR,0.22679533465666019,0.0030043612400253474,0.6722135059293831,0.21739130434782608,0.8980423728903589,0.9999999999999999,0.3158559773309044
CABO DE LAS HUERTAS,ESPECTACULOS,0.22679533465666019,0.0030043612400253474,0.6722135059293831,0.21739130434782608,0.8980423728903589,0.9999999999999999,0.32059245647763235
CABO DE LAS HUERTAS,INDUSTRIAL,0.22679533465666019,0.0030043612400253474,0.6722135059293831,0.21739130434782608,0.8980423728903589,0.9999999999999999,0.3793293456439195
CABO DE LAS HUERTAS,OCIO-HOSTELERIA,0.22679533465666019,0.0030043612400253474,0.6722135059293831,0.21739130434782608,0.8980423728903589,0.9999999999999999,0.313830731472434
CABO DE LAS HUERTAS,OFICINA,0.22679533465666019,0.0030043612400253474,0.6722135059293831,0.21739130434782608,0.8980423728903589,0.9999999999999999,0.22629732225504906
CABO DE LAS HUERTAS,PUERTOS COMERC.,0.22679533465666019,0.0030043612400253474,0.6722135059293831,0.21739130434782608,0.8980423728903589,0.9999999999999999,0.26940081246781844
CABO DE LAS HUERTAS,RELIGIOSO,0.22679533465666019,0.0030043612400253474,0.6722135059293831,0.21739130434782608,0.8980423728903589,0.9999999999999999,0.32059245647763235
CABO DE LAS HUERTAS,RESIDENCIAL,0.22679533465666019,0.0030043612400253474,0.6722135059293831,0.21739130434782608,0.8980423728903589,0.9999999999999999,0.34666826465560163
CABO DE LAS HUERTAS,"SANIDAD,BENEF.",0.22679533465666019,0.0030043612400253474,0.6722135059293831,0.21739130434782608,0.8980423728903589,0.9999999999999999,0.32059245647763235
CABO DE LAS HUERTAS,SOLARES,0.22679533465666019,0.0030043612400253474,0.6722135059293831,0.21739130434782608,0.8980423728903589,0.9999999999999999,0.35798653054481444
CAMPOAMOR,COMERCIO,0.6779614614157617,0.025025740761926388,0.6154057584488151,0.17391304347826086,0.681586096237708,0.13861722358054884,0.6463707328793529
CAMPOAMOR,CULTURAL,0.6779614614157617,0.025025740761926388,0.6154057584488151,0.17391304347826086,0.681586096237708,0.13861722358054884,0.7334993002144894
CAMPOAMOR,DEPORTIVO,0.6779614614157617,0.025025740761926388,0.6154057584488151,0.17391304347826086,0.681586096237708,0.13861722358054884,0.7302403346035056
CAMPOAMOR,EDIF. SINGULAR,0.6779614614157617,0.025025740761926388,0.6154057584488151,0.17391304347826086,0.681586096237708,0.13861722358054884,0.7221893257416345
CAMPOAMOR,ESPECTACULOS,0.6779614614157617,0.025025740761926388,0.6154057584488151,0.17391304347826086,0.681586096237708,0.13861722358054884,0.7328985355552438
CAMPOAMOR,INDUSTRIAL,0.6779614614157617,0.025025740761926388,0.6154057584488151,0.17391304347826086,0.681586096237708,0.13861722358054884,0.7472907352496441
CAMPOAMOR,OCIO-HOSTELERIA,0.6779614614157617,0.025025740761926388,0.6154057584488151,0.17391304347826086,0.681586096237708,0.13861722358054884,0.7328985355552438
CAMPOAMOR,OFICINA,0.6779614614157617,0.025025740761926388,0.6154057584488151,0.17391304347826086,0.681586096237708,0.13861722358054884,0.6485632409043944
CAMPOAMOR,PUERTOS COMERC.,0.6779614614157617,0.025025740761926388,0.6154057584488151,0.17391304347826086,0.681586096237708,0.13861722358054884,0.7017787794930233
CAMPOAMOR,RELIGIOSO,0.6779614614157617,0.025025740761926388,0.6154057584488151,0.17391304347826086,0.681586096237708,0.13861722358054884,0.7328985355552438
CAMPOAMOR,RESIDENCIAL,0.6779614614157617,0.025025740761926388,0.6154057584488151,0.17391304347826086,0.681586096237708,0.13861722358054884,0.7505481628215842
CAMPOAMOR,"SANIDAD,BENEF.",0.6779614614157617,0.025025740761926388,0.6154057584488151,0.17391304347826086,0.681586096237708,0.13861722358054884,0.7128264712464332
CAMPOAMOR,SOLARES,0.6779614614157617,0.025025740761926388,0.6154057584488151,0.17391304347826086,0.681586096237708,0.13861722358054884,0.802755206048779
CAROLINAS ALTAS,COMERCIO,0.8241563352400417,0.017222125536604863,0.7349471769989727,0.34782608695652173,0.6899365483234823,0.08795164357511553,0.57602242958429
CAROLINAS ALTAS,CULTURAL,0.8241563352400417,0.017222125536604863,0.7349471769989727,0.34782608695652173,0.6899365483234823,0.08795164357511553,0.6612312539213765
CAROLINAS ALTAS,DEPORTIVO,0.8241563352400417,0.017222125536604863,0.7349471769989727,0.34782608695652173,0.6899365483234823,0.08795164357511553,0.6579722883103929
CAROLINAS ALTAS,EDIF. SINGULAR,0.8241563352400417,0.017222125536604863,0.7349471769989727,0.34782608695652173,0.6899365483234823,0.08795164357511553,0.6499212794485218
CAROLINAS ALTAS,ESPECTACULOS,0.8241563352400417,0.017222125536604863,0.7349471769989727,0.34782608695652173,0.6899365483234823,0.08795164357511553,0.6606304892621311
CAROLINAS ALTAS,INDUSTRIAL,0.8241563352400417,0.017222125536604863,0.7349471769989727,0.34782608695652173,0.6899365483234823,0.08795164357511553,0.6831579583146363
CAROLINAS ALTAS,OCIO-HOSTELERIA,0.8241563352400417,0.017222125536604863,0.7349471769989727,0.34782608695652173,0.6899365483234823,0.08795164357511553,0.6606304892621311
CAROLINAS ALTAS,OFICINA,0.8241563352400417,0.017222125536604863,0.7349471769989727,0.34782608695652173,0.6899365483234823,0.08795164357511553,0.5622582270789296
CAROLINAS ALTAS,PUERTOS COMERC.,0.8241563352400417,0.017222125536604863,0.7349471769989727,0.34782608695652173,0.6899365483234823,0.08795164357511553,0.6428261189673086
CAROLINAS ALTAS,RELIGIOSO,0.8241563352400417,0.017222125536604863,0.7349471769989727,0.34782608695652173,0.6899365483234823,0.08795164357511553,0.6606304892621311
CAROLINAS ALTAS,RESIDENCIAL,0.8241563352400417,0.017222125536604863,0.7349471769989727,0.34782608695652173,0.6899365483234823,0.08795164357511553,0.6868292766417181
CAROLINAS ALTAS,"SANIDAD,BENEF.",0.8241563352400417,0.017222125536604863,0.7349471769989727,0.34782608695652173,0.6899365483234823,0.08795164357511553,0.6227727835096655
CAROLINAS ALTAS,SOLARES,0.8241563352400417,0.017222125536604863,0.7349471769989727,0.34782608695652173,0.6899365483234823,0.08795164357511553,0.7219073068799926
CAROLINAS BAJAS,COMERCIO,0.9831527661297241,0.017642551818694792,0.7197239750837638,0.043478260869565216,0.7886006964700782,0.08795164357511553,0.6182429510127239
CAROLINAS BAJAS,CULTURAL,0.9831527661297241,0.017642551818694792,0.7197239750837638,0.043478260869565216,0.7886006964700782,0.08795164357511553,0.6893940311247895
CAROLINAS BAJAS,DEPORTIVO,0.9831527661297241,0.017642551818694792,0.7197239750837638,0.043478260869565216,0.7886006964700782,0.08795164357511553,0.6896811437169095
CAROLINAS BAJAS,EDIF. SINGULAR,0.9831527661297241,0.017642551818694792,0.7197239750837638,0.043478260869565216,0.7886006964700782,0.08795164357511553,0.678084056651935
CAROLINAS BAJAS,ESPECTACULOS,0.9831527661297241,0.017642551818694792,0.7197239750837638,0.043478260869565216,0.7886006964700782,0.08795164357511553,0.6887932664655441
CAROLINAS BAJAS,INDUSTRIAL,0.9831527661297241,0.017642551818694792,0.7197239750837638,0.043478260869565216,0.7886006964700782,0.08795164357511553,0.7014424087849753
CAROLINAS BAJAS,OCIO-HOSTELERIA,0.9831527661297241,0.017642551818694792,0.7197239750837638,0.043478260869565216,0.7886006964700782,0.08795164357511553,0.6887932664655441
CAROLINAS BAJAS,OFICINA,0.9831527661297241,0.017642551818694792,0.7197239750837638,0.043478260869565216,0.7886006964700782,0.08795164357511553,0.612979159663535
CAROLINAS BAJAS,PUERTOS COMERC.,0.9831527661297241,0.017642551818694792,0.7197239750837638,0.043478260869565216,0.7886006964700782,0.08795164357511553,0.6606530489336955
CAROLINAS BAJAS,RELIGIOSO,0.9831527661297241,0.017642551818694792,0.7197239750837638,0.043478260869565216,0.7886006964700782,0.08795164357511553,0.6887932664655441
CAROLINAS BAJAS,RESIDENCIAL,0.9831527661297241,0.017642551818694792,0.7197239750837638,0.043478260869565216,0.7886006964700782,0.08795164357511553,0.7116547205032839
CAROLINAS BAJAS,"SANIDAD,BENEF.",0.9831527661297241,0.017642551818694792,0.7197239750837638,0.043478260869565216,0.7886006964700782,0.08795164357511553,0.6509355607130785
CAROLINAS BAJAS,SOLARES,0.9831527661297241,0.017642551818694792,0.7197239750837638,0.043478260869565216,0.7886006964700782,0.08795164357511553,0.7430784055030597
CASCO ANTIGUO-SANTA CRUZ,COMERCIO,0.805261337410402,0.22811918063314687,0.5486846323762319,0.043478260869565216,0.9418916352159536,0.47874218962238524,0.05536683211679172
CASCO ANTIGUO-SANTA CRUZ,CULTURAL,0.805261337410402,0.22811918063314687,0.5486846323762319,0.043478260869565216,0.9418916352159536,0.47874218962238524,0.11746600482661074
CASCO ANTIGUO-SANTA CRUZ,DEPORTIVO,0.805261337410402,0.22811918063314687,0.5486846323762319,0.043478260869565216,0.9418916352159536,0.47874218962238524,0.12351146335650953
CASCO ANTIGUO-SANTA CRUZ,EDIF. SINGULAR,0.805261337410402,0.22811918063314687,0.5486846323762319,0.043478260869565216,0.9418916352159536,0.47874218962238524,0.11272952567988304
CASCO ANTIGUO-SANTA CRUZ,ESPECTACULOS,0.805261337410402,0.22811918063314687,0.5486846323762319,0.043478260869565216,0.9418916352159536,0.47874218962238524,0.11746600482661074
CASCO ANTIGUO-SANTA CRUZ,INDUSTRIAL,0.805261337410402,0.22811918063314687,0.5486846323762319,0.043478260869565216,0.9418916352159536,0.47874218962238524,0.15884883767538427
CASCO ANTIGUO-SANTA CRUZ,OCIO-HOSTELERIA,0.805261337410402,0.22811918063314687,0.5486846323762319,0.043478260869565216,0.9418916352159536,0.47874218962238524,0.1183024592052846
CASCO ANTIGUO-SANTA CRUZ,OFICINA,0.805261337410402,0.22811918063314687,0.5486846323762319,0.043478260869565216,0.9418916352159536,0.47874218962238524,0.034151383773937116
CASCO ANTIGUO-SANTA CRUZ,PUERTOS COMERC.,0.805261337410402,0.22811918063314687,0.5486846323762319,0.043478260869565216,0.9418916352159536,0.47874218962238524,0.0
CASCO ANTIGUO-SANTA CRUZ,RELIGIOSO,0.805261337410402,0.22811918063314687,0.5486846323762319,0.043478260869565216,0.9418916352159536,0.47874218962238524,0.11746600482661074
CASCO ANTIGUO-SANTA CRUZ,RESIDENCIAL,0.805261337410402,0.22811918063314687,0.5486846323762319,0.043478260869565216,0.9418916352159536,0.47874218962238524,0.21011683785229263
CASCO ANTIGUO-SANTA CRUZ,"SANIDAD,BENEF.",0.805261337410402,0.22811918063314687,0.5486846323762319,0.043478260869565216,0.9418916352159536,0.47874218962238524,0.11746600482661074
CASCO ANTIGUO-SANTA CRUZ,SOLARES,0.805261337410402,0.22811918063314687,0.5486846323762319,0.043478260869565216,0.9418916352159536,0.47874218962238524,0.127665914272185
CENTRO,COMERCIO,1.0,0.260710344743958,0.4830794308603884,0.08695652173913043,0.928297524265928,0.6944444444444445,0.09338114826942023
CENTRO,CULTURAL,1.0,0.260710344743958,0.4830794308603884,0.08695652173913043,0.928297524265928,0.6944444444444445,0.1971065493662978
CENTRO,DEPORTIVO,1.0,0.260710344743958,0.4830794308603884,0.08695652173913043,0.928297524265928,0.6944444444444445,0.20315200789619636
CENTRO,EDIF. SINGULAR,1.0,0.260710344743958,0.4830794308603884,0.08695652173913043,0.928297524265928,0.6944444444444445,0.1923700702195701
CENTRO,ESPECTACULOS,1.0,0.260710344743958,0.4830794308603884,0.08695652173913043,0.928297524265928,0.6944444444444445,0.1971065493662978
CENTRO,INDUSTRIAL,1.0,0.260710344743958,0.4830794308603884,0.08695652173913043,0.928297524265928,0.6944444444444445,0.25111240672726654
CENTRO,OCIO-HOSTELERIA,1.0,0.260710344743958,0.4830794308603884,0.08695652173913043,0.928297524265928,0.6944444444444445,0.19794300374497142
CENTRO,OFICINA,1.0,0.260710344743958,0.4830794308603884,0.08695652173913043,0.928297524265928,0.6944444444444445,0.11102378829061554
CENTRO,PUERTOS COMERC.,1.0,0.260710344743958,0.4830794308603884,0.08695652173913043,0.928297524265928,0.6944444444444445,0.09161149819922398
CENTRO,RELIGIOSO,1.0,0.260710344743958,0.4830794308603884,0.08695652173913043,0.928297524265928,0.6944444444444445,0.1971065493662978
CENTRO,RESIDENCIAL,1.0,0.260710344743958,0.4830794308603884,0.08695652173913043,0.928297524265928,0.6944444444444445,0.3004010888073121
CENTRO,"SANIDAD,BENEF.",1.0,0.260710344743958,0.4830794308603884,0.08695652173913043,0.928297524265928,0.6944444444444445,0.1971065493662978
CENTRO,SOLARES,1.0,0.260710344743958,0.4830794308603884,0.08695652173913043,0.928297524265928,0.6944444444444445,0.20730645881187182
CIUDAD DE ASÍS,COMERCIO,0.42354161675862234,0.059952038369304524,0.5524026995889357,0.17391304347826086,0.23458510365022534,0.34813909263787013,0.7267580832838996
CIUDAD DE ASÍS,CULTURAL,0.42354161675862234,0.059952038369304524,0.5524026995889357,0.17391304347826086,0.23458510365022534,0.34813909263787013,0.7980234519836626
CIUDAD DE ASÍS,DEPORTIVO,0.42354161675862234,0.059952038369304524,0.5524026995889357,0.17391304347826086,0.23458510365022534,0.34813909263787013,0.7981824146838754
CIUDAD DE ASÍS,EDIF. SINGULAR,0.42354161675862234,0.059952038369304524,0.5524026995889357,0.17391304347826086,0.23458510365022534,0.34813909263787013,0.7900221185025798
CIUDAD DE ASÍS,ESPECTACULOS,0.42354161675862234,0.059952038369304524,0.5524026995889357,0.17391304347826086,0.23458510365022534,0.34813909263787013,0.800731328316189
CIUDAD DE ASÍS,INDUSTRIAL,0.42354161675862234,0.059952038369304524,0.5524026995889357,0.17391304347826086,0.23458510365022534,0.34813909263787013,0.8065631420837105
CIUDAD DE ASÍS,OCIO-HOSTELERIA,0.42354161675862234,0.059952038369304524,0.5524026995889357,0.17391304347826086,0.23458510365022534,0.34813909263787013,0.800731328316189
CIUDAD DE ASÍS,OFICINA,0.42354161675862234,0.059952038369304524,0.5524026995889357,0.17391304347826086,0.23458510365022534,0.34813909263787013,0.7033671891924012
CIUDAD DE ASÍS,PUERTOS COMERC.,0.42354161675862234,0.059952038369304524,0.5524026995889357,0.17391304347826086,0.23458510365022534,0.34813909263787013,0.7720836512270481
CIUDAD DE ASÍS,RELIGIOSO,0.42354161675862234,0.059952038369304524,0.5524026995889357,0.17391304347826086,0.23458510365022534,0.34813909263787013,0.800731328316189
CIUDAD DE ASÍS,RESIDENCIAL,0.42354161675862234,0.059952038369304524,0.5524026995889357,0.17391304347826086,0.23458510365022534,0.34813909263787013,0.8049253297978609
CIUDAD DE ASÍS,"SANIDAD,BENEF.",0.42354161675862234,0.059952038369304524,0.5524026995889357,0.17391304347826086,0.23458510365022534,0.34813909263787013,0.7887091910822652
CIUDAD DE ASÍS,SOLARES,0.42354161675862234,0.059952038369304524,0.5524026995889357,0.17391304347826086,0.23458510365022534,0.34813909263787013,0.890818290716697
CIUDAD JARDÍN,COMERCIO,0.009087946392837162,0.0,0.9695498695957411,0.2608695652173913,0.20869012712074708,0.0,0.4107514855248746
CIUDAD JARDÍN,CULTURAL,0.009087946392837162,0.0,0.9695498695957411,0.2608695652173913,0.20869012712074708,0.0,0.46023727670193804
CIUDAD JARDÍN,DEPORTIVO,0.009087946392837162,0.0,0.9695498695957411,0.2608695652173913,0.20869012712074708,0.0,0.46011749596469587
CIUDAD JARDÍN,EDIF. SINGULAR,0.009087946392837162,0.0,0.9695498695957411,0.2608695652173913,0.20869012712074708,0.0,0.45550079755521033
CIUDAD JARDÍN,ESPECTACULOS,0.009087946392837162,0.0,0.9695498695957411,0.2608695652173913,0.20869012712074708,0.0,0.46023727670193804
CIUDAD JARDÍN,INDUSTRIAL,0.009087946392837162,0.0,0.9695498695957411,0.2608695652173913,0.20869012712074708,0.0,0.516453814150226
CIUDAD JARDÍN,OCIO-HOSTELERIA,0.009087946392837162,0.0,0.9695498695957411,0.2608695652173913,0.20869012712074708,0.0,0.4618837514465821
CIUDAD JARDÍN,OFICINA,0.009087946392837162,0.0,0.9695498695957411,0.2608695652173913,0.20869012712074708,0.0,0.412232910359833
CIUDAD JARDÍN,PUERTOS COMERC.,0.009087946392837162,0.0,0.9695498695957411,0.2608695652173913,0.20869012712074708,0.0,0.4203417052271481
CIUDAD JARDÍN,RELIGIOSO,0.009087946392837162,0.0,0.9695498695957411,0.2608695652173913,0.20869012712074708,0.0,0.46023727670193804
CIUDAD JARDÍN,RESIDENCIAL,0.009087946392837162,0.0,0.9695498695957411,0.2608695652173913,0.20869012712074708,0.0,0.49515623482248516
CIUDAD JARDÍN,"SANIDAD,BENEF.",0.009087946392837162,0.0,0.9695498695957411,0.2608695652173913,0.20869012712074708,0.0,0.45681624615133054
CIUDAD JARDÍN,SOLARES,0.009087946392837162,0.0,0.9695498695957411,0.2608695652173913,0.20869012712074708,0.0,0.49779377304312944
COLONIA REQUENA,COMERCIO,0.5958253619193891,0.0,0.9519537994933054,0.043478260869565216,0.33635919698727046,0.18187992393371377,0.8529121038686258
COLONIA REQUENA,CULTURAL,0.5958253619193891,0.0,0.9519537994933054,0.043478260869565216,0.33635919698727046,0.18187992393371377,0.8923123560579664
COLONIA REQUENA,DEPORTIVO,0.5958253619193891,0.0,0.9519537994933054,0.043478260869565216,0.33635919698727046,0.18187992393371377,0.9057732615648926
COLONIA REQUENA,EDIF. SINGULAR,0.5958253619193891,0.0,0.9519537994933054,0.043478260869565216,0.33635919698727046,0.18187992393371377,0.8816031462443574
COLONIA REQUENA,ESPECTACULOS,0.5958253619193891,0.0,0.9519537994933054,0.043478260869565216,0.33635919698727046,0.18187992393371377,0.8923123560579664
COLONIA REQUENA,INDUSTRIAL,0.5958253619193891,0.0,0.9519537994933054,0.043478260869565216,0.33635919698727046,0.18187992393371377,0.8959298891554737
COLONIA REQUENA,OCIO-HOSTELERIA,0.5958253619193891,0.0,0.9519537994933054,0.043478260869565216,0.33635919698727046,0.18187992393371377,0.8923123560579664
COLONIA REQUENA,OFICINA,0.5958253619193891,0.0,0.9519537994933054,0.043478260869565216,0.33635919698727046,0.18187992393371377,0.7900946531148578
COLONIA REQUENA,PUERTOS COMERC.,0.5958253619193891,0.0,0.9519537994933054,0.043478260869565216,0.33635919698727046,0.18187992393371377,0.859401932502744
COLONIA REQUENA,RELIGIOSO,0.5958253619193891,0.0,0.9519537994933054,0.043478260869565216,0.33635919698727046,0.18187992393371377,0.8923123560579664
COLONIA REQUENA,RESIDENCIAL,0.5958253619193891,0.0,0.9519537994933054,0.043478260869565216,0.33635919698727046,0.18187992393371377,0.8958849387171728
COLONIA REQUENA,"SANIDAD,BENEF.",0.5958253619193891,0.0,0.9519537994933054,0.043478260869565216,0.33635919698727046,0.18187992393371377,0.8214076128994752
COLONIA REQUENA,SOLARES,0.5958253619193891,0.0,0.9519537994933054,0.043478260869565216,0.33635919698727046,0.18187992393371377,1.0
CUATROCIENTAS VIVIENDAS,COMERCIO,0.8749651917749993,0.0,0.9357476658801401,0.043478260869565216,0.47954605662407135,0.18187992393371377,0.7650627744574185
CUATROCIENTAS VIVIENDAS,CULTURAL,0.8749651917749993,0.0,0.9357476658801401,0.043478260869565216,0.47954605662407135,0.18187992393371377,0.8201351652729716
CUATROCIENTAS VIVIENDAS,DEPORTIVO,0.8749651917749993,0.0,0.9357476658801401,0.043478260869565216,0.47954605662407135,0.18187992393371377,0.832496474499548
CUATROCIENTAS VIVIENDAS,EDIF. SINGULAR,0.8749651917749993,0.0,0.9357476658801401,0.043478260869565216,0.47954605662407135,0.18187992393371377,0.8094259554593624
CUATROCIENTAS VIVIENDAS,ESPECTACULOS,0.8749651917749993,0.0,0.9357476658801401,0.043478260869565216,0.47954605662407135,0.18187992393371377,0.8201351652729716
CUATROCIENTAS VIVIENDAS,INDUSTRIAL,0.8749651917749993,0.0,0.9357476658801401,0.043478260869565216,0.47954605662407135,0.18187992393371377,0.834478909645763
CUATROCIENTAS VIVIENDAS,OCIO-HOSTELERIA,0.8749651917749993,0.0,0.9357476658801401,0.043478260869565216,0.47954605662407135,0.18187992393371377,0.8201351652729716
CUATROCIENTAS VIVIENDAS,OFICINA,0.8749651917749993,0.0,0.9357476658801401,0.043478260869565216,0.47954605662407135,0.18187992393371377,0.7311613907289356
CUATROCIENTAS VIVIENDAS,PUERTOS COMERC.,0.8749651917749993,0.0,0.9357476658801401,0.043478260869565216,0.47954605662407135,0.18187992393371377,0.8011271395203259
CUATROCIENTAS VIVIENDAS,RELIGIOSO,0.8749651917749993,0.0,0.9357476658801401,0.043478260869565216,0.47954605662407135,0.18187992393371377,0.8201351652729716
CUATROCIENTAS VIVIENDAS,RESIDENCIAL,0.8749651917749993,0.0,0.9357476658801401,0.043478260869565216,0.47954605662407135,0.18187992393371377,0.8231022039420754
CUATROCIENTAS VIVIENDAS,"SANIDAD,BENEF.",0.8749651917749993,0.0,0.9357476658801401,0.043478260869565216,0.47954605662407135,0.18187992393371377,0.7314865388387901
CUATROCIENTAS VIVIENDAS,SOLARES,0.8749651917749993,0.0,0.9357476658801401,0.043478260869565216,0.47954605662407135,0.18187992393371377,0.8993799592666385
DIVINA PASTORA,COMERCIO,0.6235244747406617,0.031031148740461808,0.6154647387208269,0.08695652173913043,0.1693281032631082,0.13861722358054884,0.48679351921353753
DIVINA PASTORA,CULTURAL,0.6235244747406617,0.031031148740461808,0.6154647387208269,0.08695652173913043,0.1693281032631082,0.13861722358054884,0.541336529384213
DIVINA PASTORA,DEPORTIVO,0.6235244747406617,0.031031148740461808,0.6154647387208269,0.08695652173913043,0.1693281032631082,0.13861722358054884,0.5448006172385917
DIVINA PASTORA,EDIF. SINGULAR,0.6235244747406617,0.031031148740461808,0.6154647387208269,0.08695652173913043,0.1693281032631082,0.13861722358054884,0.5300265549113583
DIVINA PASTORA,ESPECTACULOS,0.6235244747406617,0.031031148740461808,0.6154647387208269,0.08695652173913043,0.1693281032631082,0.13861722358054884,0.5407357647249673
DIVINA PASTORA,INDUSTRIAL,0.6235244747406617,0.031031148740461808,0.6154647387208269,0.08695652173913043,0.1693281032631082,0.13861722358054884,0.5994570885100838
DIVINA PASTORA,OCIO-HOSTELERIA,0.6235244747406617,0.031031148740461808,0.6154647387208269,0.08695652173913043,0.1693281032631082,0.13861722358054884,0.5436831610668484
DIVINA PASTORA,OFICINA,0.6235244747406617,0.031031148740461808,0.6154647387208269,0.08695652173913043,0.1693281032631082,0.13861722358054884,0.47238894831700673
DIVINA PASTORA,PUERTOS COMERC.,0.6235244747406617,0.031031148740461808,0.6154647387208269,0.08695652173913043,0.1693281032631082,0.13861722358054884,0.49944138977174113
DIVINA PASTORA,RELIGIOSO,0.6235244747406617,0.031031148740461808,0.6154647387208269,0.08695652173913043,0.1693281032631082,0.13861722358054884,0.5407357647249673
DIVINA PASTORA,RESIDENCIAL,0.6235244747406617,0.031031148740461808,0.6154647387208269,0.08695652173913043,0.1693281032631082,0.13861722358054884,0.5777679427851949
DIVINA PASTORA,"SANIDAD,BENEF.",0.6235244747406617,0.031031148740461808,0.6154647387208269,0.08695652173913043,0.1693281032631082,0.13861722358054884,0.5373147341743596
DIVINA PASTORA,SOLARES,0.6235244747406617,0.031031148740461808,0.6154647387208269,0.08695652173913043,0.1693281032631082,0.13861722358054884,0.5850314695109258
ENSANCHE DIPUTACIÓN,COMERCIO,0.5487886512392147,0.14871843653669028,0.4544304824448703,0.043478260869565216,1.0,0.9053246400434664,0.07774540507946281
ENSANCHE DIPUTACIÓN,CULTURAL,0.5487886512392147,0.14871843653669028,0.4544304824448703,0.043478260869565216,1.0,0.9053246400434664,0.18633268382241885
ENSANCHE DIPUTACIÓN,DEPORTIVO,0.5487886512392147,0.14871843653669028,0.4544304824448703,0.043478260869565216,1.0,0.9053246400434664,0.18883206414921405
ENSANCHE DIPUTACIÓN,EDIF. SINGULAR,0.5487886512392147,0.14871843653669028,0.4544304824448703,0.043478260869565216,1.0,0.9053246400434664,0.18159620467569115
ENSANCHE DIPUTACIÓN,ESPECTACULOS,0.5487886512392147,0.14871843653669028,0.4544304824448703,0.043478260869565216,1.0,0.9053246400434664,0.18633268382241885
ENSANCHE DIPUTACIÓN,INDUSTRIAL,0.5487886512392147,0.14871843653669028,0.4544304824448703,0.043478260869565216,1.0,0.9053246400434664,0.2277155166711926
ENSANCHE DIPUTACIÓN,OCIO-HOSTELERIA,0.5487886512392147,0.14871843653669028,0.4544304824448703,0.043478260869565216,1.0,0.9053246400434664,0.1871691382010925
ENSANCHE DIPUTACIÓN,OFICINA,0.5487886512392147,0.14871843653669028,0.4544304824448703,0.043478260869565216,1.0,0.9053246400434664,0.10835155006340291
ENSANCHE DIPUTACIÓN,PUERTOS COMERC.,0.5487886512392147,0.14871843653669028,0.4544304824448703,0.043478260869565216,1.0,0.9053246400434664,0.07601732355251789
ENSANCHE DIPUTACIÓN,RELIGIOSO,0.5487886512392147,0.14871843653669028,0.4544304824448703,0.043478260869565216,1.0,0.9053246400434664,0.18633268382241885
ENSANCHE DIPUTACIÓN,RESIDENCIAL,0.5487886512392147,0.14871843653669028,0.4544304824448703,0.043478260869565216,1.0,0.9053246400434664,0.2632090906709219
ENSANCHE DIPUTACIÓN,"SANIDAD,BENEF.",0.5487886512392147,0.14871843653669028,0.4544304824448703,0.043478260869565216,1.0,0.9053246400434664,0.18633268382241885
ENSANCHE DIPUTACIÓN,SOLARES,0.5487886512392147,0.14871843653669028,0.4544304824448703,0.043478260869565216,1.0,0.9053246400434664,0.19653259326799288
FLORIDA ALTA,COMERCIO,0.9918542423624339,0.0038452073335791667,0.6331775718422001,0.043478260869565216,0.6055681155818586,0.16388209725618041,0.6042804568531914
FLORIDA ALTA,CULTURAL,0.9918542423624339,0.0038452073335791667,0.6331775718422001,0.043478260869565216,0.6055681155818586,0.16388209725618041,0.6838953807194603
FLORIDA ALTA,DEPORTIVO,0.9918542423624339,0.0038452073335791667,0.6331775718422001,0.043478260869565216,0.6055681155818586,0.16388209725618041,0.6806364151084767
FLORIDA ALTA,EDIF. SINGULAR,0.9918542423624339,0.0038452073335791667,0.6331775718422001,0.043478260869565216,0.6055681155818586,0.16388209725618041,0.6725854062466057
FLORIDA ALTA,ESPECTACULOS,0.9918542423624339,0.0038452073335791667,0.6331775718422001,0.043478260869565216,0.6055681155818586,0.16388209725618041,0.6832946160602147
FLORIDA ALTA,INDUSTRIAL,0.9918542423624339,0.0038452073335791667,0.6331775718422001,0.043478260869565216,0.6055681155818586,0.16388209725618041,0.6993421164192997
FLORIDA ALTA,OCIO-HOSTELERIA,0.9918542423624339,0.0038452073335791667,0.6331775718422001,0.043478260869565216,0.6055681155818586,0.16388209725618041,0.6832946160602147
FLORIDA ALTA,OFICINA,0.9918542423624339,0.0038452073335791667,0.6331775718422001,0.043478260869565216,0.6055681155818586,0.16388209725618041,0.5945427445057945
FLORIDA ALTA,PUERTOS COMERC.,0.9918542423624339,0.0038452073335791667,0.6331775718422001,0.043478260869565216,0.6055681155818586,0.16388209725618041,0.6597923736001325
FLORIDA ALTA,RELIGIOSO,0.9918542423624339,0.0038452073335791667,0.6331775718422001,0.043478260869565216,0.6055681155818586,0.16388209725618041,0.6832946160602147
FLORIDA ALTA,RESIDENCIAL,0.9918542423624339,0.0038452073335791667,0.6331775718422001,0.043478260869565216,0.6055681155818586,0.16388209725618041,0.7057733423835404
FLORIDA ALTA,"SANIDAD,BENEF.",0.9918542423624339,0.0038452073335791667,0.6331775718422001,0.043478260869565216,0.6055681155818586,0.16388209725618041,0.6454369103077493
FLORIDA ALTA,SOLARES,0.9918542423624339,0.0038452073335791667,0.6331775718422001,0.043478260869565216,0.6055681155818586,0.16388209725618041,0.7446938528315274
FLORIDA BAJA,COMERCIO,0.6584588394090857,0.008370834672666668,0.6094617676108648,0.17391304347826086,0.6697872517234661,0.34813909263787013,0.5501024616457191
FLORIDA BAJA,CULTURAL,0.6584588394090857,0.008370834672666668,0.6094617676108648,0.17391304347826086,0.6697872517234661,0.34813909263787013,0.6343327856536602
FLORIDA BAJA,DEPORTIVO,0.6584588394090857,0.008370834672666668,0.6094617676108648,0.17391304347826086,0.6697872517234661,0.34813909263787013,0.6310738200426769
FLORIDA BAJA,EDIF. SINGULAR,0.6584588394090857,0.008370834672666668,0.6094617676108648,0.17391304347826086,0.6697872517234661,0.34813909263787013,0.6230228111808058
FLORIDA BAJA,ESPECTACULOS,0.6584588394090857,0.008370834672666668,0.6094617676108648,0.17391304347826086,0.6697872517234661,0.34813909263787013,0.6337320209944151
FLORIDA BAJA,INDUSTRIAL,0.6584588394090857,0.008370834672666668,0.6094617676108648,0.17391304347826086,0.6697872517234661,0.34813909263787013,0.6612286392162292
FLORIDA BAJA,OCIO-HOSTELERIA,0.6584588394090857,0.008370834672666668,0.6094617676108648,0.17391304347826086,0.6697872517234661,0.34813909263787013,0.6337320209944151
FLORIDA BAJA,OFICINA,0.6584588394090857,0.008370834672666668,0.6094617676108648,0.17391304347826086,0.6697872517234661,0.34813909263787013,0.5344189278640414
FLORIDA BAJA,PUERTOS COMERC.,0.6584588394090857,0.008370834672666668,0.6094617676108648,0.17391304347826086,0.6697872517234661,0.34813909263787013,0.619809275524281
FLORIDA BAJA,RELIGIOSO,0.6584588394090857,0.008370834672666668,0.6094617676108648,0.17391304347826086,0.6697872517234661,0.34813909263787013,0.6337320209944151
FLORIDA BAJA,RESIDENCIAL,0.6584588394090857,0.008370834672666668,0.6094617676108648,0.17391304347826086,0.6697872517234661,0.34813909263787013,0.6548215583419383
FLORIDA BAJA,"SANIDAD,BENEF.",0.6584588394090857,0.008370834672666668,0.6094617676108648,0.17391304347826086,0.6697872517234661,0.34813909263787013,0.5958743152419492
FLORIDA BAJA,SOLARES,0.6584588394090857,0.008370834672666668,0.6094617676108648,0.17391304347826086,0.6697872517234661,0.34813909263787013,0.6855691471535295
GARBINET,COMERCIO,0.2936350625178104,0.03461762221265868,0.49830526041053425,0.2608695652173913,0.6593906258823561,0.08795164357511553,0.6123591542441091
GARBINET,CULTURAL,0.2936350625178104,0.03461762221265868,0.49830526041053425,0.2608695652173913,0.6593906258823561,0.08795164357511553,0.6792648014691056
GARBINET,DEPORTIVO,0.2936350625178104,0.03461762221265868,0.49830526041053425,0.2608695652173913,0.6593906258823561,0.08795164357511553,0.6894977366850852
GARBINET,EDIF. SINGULAR,0.2936350625178104,0.03461762221265868,0.49830526041053425,0.2608695652173913,0.6593906258823561,0.08795164357511553,0.6685555916554964
GARBINET,ESPECTACULOS,0.2936350625178104,0.03461762221265868,0.49830526041053425,0.2608695652173913,0.6593906258823561,0.08795164357511553,0.6792648014691056
GARBINET,INDUSTRIAL,0.2936350625178104,0.03461762221265868,0.49830526041053425,0.2608695652173913,0.6593906258823561,0.08795164357511553,0.7062580077195104
GARBINET,OCIO-HOSTELERIA,0.2936350625178104,0.03461762221265868,0.49830526041053425,0.2608695652173913,0.6593906258823561,0.08795164357511553,0.6792648014691056
GARBINET,OFICINA,0.2936350625178104,0.03461762221265868,0.49830526041053425,0.2608695652173913,0.6593906258823561,0.08795164357511553,0.5880789045257966
GARBINET,PUERTOS COMERC.,0.2936350625178104,0.03461762221265868,0.49830526041053425,0.2608695652173913,0.6593906258823561,0.08795164357511553,0.6644017367450665
GARBINET,RELIGIOSO,0.2936350625178104,0.03461762221265868,0.49830526041053425,0.2608695652173913,0.6593906258823561,0.08795164357511553,0.6792648014691056
GARBINET,RESIDENCIAL,0.2936350625178104,0.03461762221265868,0.49830526041053425,0.2608695652173913,0.6593906258823561,0.08795164357511553,0.6939418860124862
GARBINET,"SANIDAD,BENEF.",0.2936350625178104,0.03461762221265868,0.49830526041053425,0.2608695652173913,0.6593906258823561,0.08795164357511553,0.5739240542935016
GARBINET,SOLARES,0.2936350625178104,0.03461762221265868,0.49830526041053425,0.2608695652173913,0.6593906258823561,0.08795164357511553,0.7558131008671869
JUAN XXIII,COMERCIO,0.29696284070424545,0.0006719996559361111,0.9902498316296916,0.30434782608695654,0.40244760153832393,0.4227791361043195,0.7334627723302429
JUAN XXIII,CULTURAL,0.29696284070424545,0.0006719996559361111,0.9902498316296916,0.30434782608695654,0.40244760153832393,0.4227791361043195,0.7946729897775973
JUAN XXIII,DEPORTIVO,0.29696284070424545,0.0006719996559361111,0.9902498316296916,0.30434782608695654,0.40244760153832393,0.4227791361043195,0.7958369916343124
JUAN XXIII,EDIF. SINGULAR,0.29696284070424545,0.0006719996559361111,0.9902498316296916,0.30434782608695654,0.40244760153832393,0.4227791361043195,0.783963779963988
JUAN XXIII,ESPECTACULOS,0.29696284070424545,0.0006719996559361111,0.9902498316296916,0.30434782608695654,0.40244760153832393,0.4227791361043195,0.7946729897775973
JUAN XXIII,INDUSTRIAL,0.29696284070424545,0.0006719996559361111,0.9902498316296916,0.30434782608695654,0.40244760153832393,0.4227791361043195,0.8159475507372562
JUAN XXIII,OCIO-HOSTELERIA,0.29696284070424545,0.0006719996559361111,0.9902498316296916,0.30434782608695654,0.40244760153832393,0.4227791361043195,0.7946729897775973
JUAN XXIII,OFICINA,0.29696284070424545,0.0006719996559361111,0.9902498316296916,0.30434782608695654,0.40244760153832393,0.4227791361043195,0.6909908150711872
JUAN XXIII,PUERTOS COMERC.,0.29696284070424545,0.0006719996559361111,0.9902498316296916,0.30434782608695654,0.40244760153832393,0.4227791361043195,0.7763050813156518
JUAN XXIII,RELIGIOSO,0.29696284070424545,0.0006719996559361111,0.9902498316296916,0.30434782608695654,0.40244760153832393,0.4227791361043195,0.7946729897775973
JUAN XXIII,RESIDENCIAL,0.29696284070424545,0.0006719996559361111,0.9902498316296916,0.30434782608695654,0.40244760153832393,0.4227791361043195,0.8065996866802712
JUAN XXIII,"SANIDAD,BENEF.",0.29696284070424545,0.0006719996559361111,0.9902498316296916,0.30434782608695654,0.40244760153832393,0.4227791361043195,0.7067186397784497
JUAN XXIII,SOLARES,0.29696284070424545,0.0006719996559361111,0.9902498316296916,0.30434782608695654,0.40244760153832393,0.4227791361043195,0.8849289793413913
LOS ÁNGELES,COMERCIO,0.6267791533667678,0.007886293171821875,0.6761300556911298,0.13043478260869565,0.47526542921260906,0.13861722358054884,0.6691896536839659
LOS ÁNGELES,CULTURAL,0.6267791533667678,0.007886293171821875,0.6761300556911298,0.13043478260869565,0.47526542921260906,0.13861722358054884,0.7496167394570032
LOS ÁNGELES,DEPORTIVO,0.6267791533667678,0.007886293171821875,0.6761300556911298,0.13043478260869565,0.47526542921260906,0.13861722358054884,0.7507807413137184
LOS ÁNGELES,EDIF. SINGULAR,0.6267791533667678,0.007886293171821875,0.6761300556911298,0.13043478260869565,0.47526542921260906,0.13861722358054884,0.7389075296433942
LOS ÁNGELES,ESPECTACULOS,0.6267791533667678,0.007886293171821875,0.6761300556911298,0.13043478260869565,0.47526542921260906,0.13861722358054884,0.7496167394570032
LOS ÁNGELES,INDUSTRIAL,0.6267791533667678,0.007886293171821875,0.6761300556911298,0.13043478260869565,0.47526542921260906,0.13861722358054884,0.7671970543591997
LOS ÁNGELES,OCIO-HOSTELERIA,0.6267791533667678,0.007886293171821875,0.6761300556911298,0.13043478260869565,0.47526542921260906,0.13861722358054884,0.7496167394570032
LOS ÁNGELES,OFICINA,0.6267791533667678,0.007886293171821875,0.6761300556911298,0.13043478260869565,0.47526542921260906,0.13861722358054884,0.6772700010552444
LOS ÁNGELES,PUERTOS COMERC.,0.6267791533667678,0.007886293171821875,0.6761300556911298,0.13043478260869565,0.47526542921260906,0.13861722358054884,0.7204932748157031
LOS ÁNGELES,RELIGIOSO,0.6267791533667678,0.007886293171821875,0.6761300556911298,0.13043478260869565,0.47526542921260906,0.13861722358054884,0.7496167394570032
LOS ÁNGELES,RESIDENCIAL,0.6267791533667678,0.007886293171821875,0.6761300556911298,0.13043478260869565,0.47526542921260906,0.13861722358054884,0.7641909066219479
LOS ÁNGELES,"SANIDAD,BENEF.",0.6267791533667678,0.007886293171821875,0.6761300556911298,0.13043478260869565,0.47526542921260906,0.13861722358054884,0.6967332792229692
LOS ÁNGELES,SOLARES,0.6267791533667678,0.007886293171821875,0.6761300556911298,0.13043478260869565,0.47526542921260906,0.13861722358054884,0.8293877809180805
MERCADO,COMERCIO,0.6539992183740884,0.08857268153072048,0.5118771427647352,0.13043478260869565,0.8226264126829597,0.4915783754414561,0.3507866045631878
MERCADO,CULTURAL,0.6539992183740884,0.08857268153072048,0.5118771427647352,0.13043478260869565,0.8226264126829597,0.4915783754414561,0.46548944486808264
MERCADO,DEPORTIVO,0.6539992183740884,0.08857268153072048,0.5118771427647352,0.13043478260869565,0.8226264126829597,0.4915783754414561,0.4617640506972345
MERCADO,EDIF. SINGULAR,0.6539992183740884,0.08857268153072048,0.5118771427647352,0.13043478260869565,0.8226264126829597,0.4915783754414561,0.45478023505447385
MERCADO,ESPECTACULOS,0.6539992183740884,0.08857268153072048,0.5118771427647352,0.13043478260869565,0.8226264126829597,0.4915783754414561,0.46548944486808264
MERCADO,INDUSTRIAL,0.6539992183740884,0.08857268153072048,0.5118771427647352,0.13043478260869565,0.8226264126829597,0.4915783754414561,0.49324699997265165
MERCADO,OCIO-HOSTELERIA,0.6539992183740884,0.08857268153072048,0.5118771427647352,0.13043478260869565,0.8226264126829597,0.4915783754414561,0.4663258992467567
MERCADO,OFICINA,0.6539992183740884,0.08857268153072048,0.5118771427647352,0.13043478260869565,0.8226264126829597,0.4915783754414561,0.36195079813638165
MERCADO,PUERTOS COMERC.,0.6539992183740884,0.08857268153072048,0.5118771427647352,0.13043478260869565,0.8226264126829597,0.4915783754414561,0.4525884379367253
MERCADO,RELIGIOSO,0.6539992183740884,0.08857268153072048,0.5118771427647352,0.13043478260869565,0.8226264126829597,0.4915783754414561,0.46548944486808264
MERCADO,RESIDENCIAL,0.6539992183740884,0.08857268153072048,0.5118771427647352,0.13043478260869565,0.8226264126829597,0.4915783754414561,0.5189399739605194
MERCADO,"SANIDAD,BENEF.",0.6539992183740884,0.08857268153072048,0.5118771427647352,0.13043478260869565,0.8226264126829597,0.4915783754414561,0.4569097704450449
MERCADO,SOLARES,0.6539992183740884,0.08857268153072048,0.5118771427647352,0.13043478260869565,0.8226264126829597,0.4915783754414561,0.52167664044265
PARTIDAS DE ALICANTE,COMERCIO,0.10240190774595077,0.03727677788302986,0.6532051080933968,0.0,1.1102230246251565e-16,0.39282803585982073,0.5621773100481109
PARTIDAS DE ALICANTE,CULTURAL,0.10240190774595077,0.03727677788302986,0.6532051080933968,0.0,1.1102230246251565e-16,0.39282803585982073,0.5955593208654308
PARTIDAS DE ALICANTE,DEPORTIVO,0.10240190774595077,0.03727677788302986,0.6532051080933968,0.0,1.1102230246251565e-16,0.39282803585982073,0.6018264601608176
PARTIDAS DE ALICANTE,EDIF. SINGULAR,0.10240190774595077,0.03727677788302986,0.6532051080933968,0.0,1.1102230246251565e-16,0.39282803585982073,0.5929608192889868
PARTIDAS DE ALICANTE,ESPECTACULOS,0.10240190774595077,0.03727677788302986,0.6532051080933968,0.0,1.1102230246251565e-16,0.39282803585982073,0.5955593208654308
PARTIDAS DE ALICANTE,INDUSTRIAL,0.10240190774595077,0.03727677788302986,0.6532051080933968,0.0,1.1102230246251565e-16,0.39282803585982073,0.6660838639704498
PARTIDAS DE ALICANTE,OCIO-HOSTELERIA,0.10240190774595077,0.03727677788302986,0.6532051080933968,0.0,1.1102230246251565e-16,0.39282803585982073,0.5946609757715491
PARTIDAS DE ALICANTE,OFICINA,0.10240190774595077,0.03727677788302986,0.6532051080933968,0.0,1.1102230246251565e-16,0.39282803585982073,0.5438338072567459
PARTIDAS DE ALICANTE,PUERTOS COMERC.,0.10240190774595077,0.03727677788302986,0.6532051080933968,0.0,1.1102230246251565e-16,0.39282803585982073,0.5499479285018289
PARTIDAS DE ALICANTE,RELIGIOSO,0.10240190774595077,0.03727677788302986,0.6532051080933968,0.0,1.1102230246251565e-16,0.39282803585982073,0.5912483911396234
PARTIDAS DE ALICANTE,RESIDENCIAL,0.10240190774595077,0.03727677788302986,0.6532051080933968,0.0,1.1102230246251565e-16,0.39282803585982073,0.5972008209087891
PARTIDAS DE ALICANTE,"SANIDAD,BENEF.",0.10240190774595077,0.03727677788302986,0.6532051080933968,0.0,1.1102230246251565e-16,0.39282803585982073,0.5921382903148231
PARTIDAS DE ALICANTE,SOLARES,0.10240190774595077,0.03727677788302986,0.6532051080933968,0.0,1.1102230246251565e-16,0.39282803585982073,0.6320747226774854
PAU 5,COMERCIO,0.17724698656099008,0.0,0.5438325499574002,0.043478260869565216,0.8196304904859121,0.9999999999999999,0.687977537920667
PAU 5,CULTURAL,0.17724698656099008,0.0,0.5438325499574002,0.043478260869565216,0.8196304904859121,0.9999999999999999,0.753397624514913
PAU 5,DEPORTIVO,0.17724698656099008,0.0,0.5438325499574002,0.043478260869565216,0.8196304904859121,0.9999999999999999,0.7673738051123318
PAU 5,EDIF. SINGULAR,0.17724698656099008,0.0,0.5438325499574002,0.043478260869565216,0.8196304904859121,0.9999999999999999,0.7426884147013038
PAU 5,ESPECTACULOS,0.17724698656099008,0.0,0.5438325499574002,0.043478260869565216,0.8196304904859121,0.9999999999999999,0.753397624514913
PAU 5,INDUSTRIAL,0.17724698656099008,0.0,0.5438325499574002,0.043478260869565216,0.8196304904859121,0.9999999999999999,0.7729109040931339
PAU 5,OCIO-HOSTELERIA,0.17724698656099008,0.0,0.5438325499574002,0.043478260869565216,0.8196304904859121,0.9999999999999999,0.753397624514913
PAU 5,OFICINA,0.17724698656099008,0.0,0.5438325499574002,0.043478260869565216,0.8196304904859121,0.9999999999999999,0.699869105233413
PAU 5,PUERTOS COMERC.,0.17724698656099008,0.0,0.5438325499574002,0.043478260869565216,0.8196304904859121,0.9999999999999999,0.733435574896546
PAU 5,RELIGIOSO,0.17724698656099008,0.0,0.5438325499574002,0.043478260869565216,0.8196304904859121,0.9999999999999999,0.753397624514913
PAU 5,RESIDENCIAL,0.17724698656099008,0.0,0.5438325499574002,0.043478260869565216,0.8196304904859121,0.9999999999999999,0.7450985334951545
PAU 5,"SANIDAD,BENEF.",0.17724698656099008,0.0,0.5438325499574002,0.043478260869565216,0.8196304904859121,0.9999999999999999,0.6657773179168145
PAU 5,SOLARES,0.17724698656099008,0.0,0.5438325499574002,0.043478260869565216,0.8196304904859121,0.9999999999999999,0.8290128574066156
PLA DEL BON REPOS,COMERCIO,0.5807900989712917,0.017876903743716668,0.7337476032389134,0.043478260869565216,0.805898745446602,0.19553110567780496,0.6498662434571214
PLA DEL BON REPOS,CULTURAL,0.5807900989712917,0.017876903743716668,0.7337476032389134,0.043478260869565216,0.805898745446602,0.19553110567780496,0.7367814086989164
PLA DEL BON REPOS,DEPORTIVO,0.5807900989712917,0.017876903743716668,0.7337476032389134,0.043478260869565216,0.805898745446602,0.19553110567780496,0.7322178126574903
PLA DEL BON REPOS,EDIF. SINGULAR,0.5807900989712917,0.017876903743716668,0.7337476032389134,0.043478260869565216,0.805898745446602,0.19553110567780496,0.7287800752178335
PLA DEL BON REPOS,ESPECTACULOS,0.5807900989712917,0.017876903743716668,0.7337476032389134,0.043478260869565216,0.805898745446602,0.19553110567780496,0.7394892850314425
PLA DEL BON REPOS,INDUSTRIAL,0.5807900989712917,0.017876903743716668,0.7337476032389134,0.043478260869565216,0.805898745446602,0.19553110567780496,0.7563433382795777
PLA DEL BON REPOS,OCIO-HOSTELERIA,0.5807900989712917,0.017876903743716668,0.7337476032389134,0.043478260869565216,0.805898745446602,0.19553110567780496,0.7394892850314425
PLA DEL BON REPOS,OFICINA,0.5807900989712917,0.017876903743716668,0.7337476032389134,0.043478260869565216,0.805898745446602,0.19553110567780496,0.6279929676910316
PLA DEL BON REPOS,PUERTOS COMERC.,0.5807900989712917,0.017876903743716668,0.7337476032389134,0.043478260869565216,0.805898745446602,0.19553110567780496,0.7014878132943596
PLA DEL BON REPOS,RELIGIOSO,0.5807900989712917,0.017876903743716668,0.7337476032389134,0.043478260869565216,0.805898745446602,0.19553110567780496,0.7394892850314425
PLA DEL BON REPOS,RESIDENCIAL,0.5807900989712917,0.017876903743716668,0.7337476032389134,0.043478260869565216,0.805898745446602,0.19553110567780496,0.7550975799174497
PLA DEL BON REPOS,"SANIDAD,BENEF.",0.5807900989712917,0.017876903743716668,0.7337476032389134,0.043478260869565216,0.805898745446602,0.19553110567780496,0.7301579933295146
PLA DEL BON REPOS,SOLARES,0.5807900989712917,0.017876903743716668,0.7337476032389134,0.043478260869565216,0.805898745446602,0.19553110567780496,0.8168103730111536
POLIGONO PLA DE LA VALLONGA,COMERCIO,0.0,1.0,0.0,0.0,1.1102230246251565e-16,0.0,0.29891922452624176
POLIGONO PLA DE LA VALLONGA,CULTURAL,0.0,1.0,0.0,0.0,1.1102230246251565e-16,0.0,0.34934054860170405
POLIGONO PLA DE LA VALLONGA,DEPORTIVO,0.0,1.0,0.0,0.0,1.1102230246251565e-16,0.0,0.3524442493998792
POLIGONO PLA DE LA VALLONGA,EDIF. SINGULAR,0.0,1.0,0.0,0.0,1.1102230246251565e-16,0.0,0.3466995399734043
POLIGONO PLA DE LA VALLONGA,ESPECTACULOS,0.0,1.0,0.0,0.0,1.1102230246251565e-16,0.0,0.351436019120132
POLIGONO PLA DE LA VALLONGA,INDUSTRIAL,0.0,1.0,0.0,0.0,1.1102230246251565e-16,0.0,0.4390708002168875
POLIGONO PLA DE LA VALLONGA,OCIO-HOSTELERIA,0.0,1.0,0.0,0.0,1.1102230246251565e-16,0.0,0.3486212709570038
POLIGONO PLA DE LA VALLONGA,OFICINA,0.0,1.0,0.0,0.0,1.1102230246251565e-16,0.0,0.32775933645880917
POLIGONO PLA DE LA VALLONGA,PUERTOS COMERC.,0.0,1.0,0.0,0.0,1.1102230246251565e-16,0.0,0.31463722723541987
POLIGONO PLA DE LA VALLONGA,RELIGIOSO,0.0,1.0,0.0,0.0,1.1102230246251565e-16,0.0,0.34712508939432496
POLIGONO PLA DE LA VALLONGA,RESIDENCIAL,0.0,1.0,0.0,0.0,1.1102230246251565e-16,0.0,0.356232984281021
POLIGONO PLA DE LA VALLONGA,"SANIDAD,BENEF.",0.0,1.0,0.0,0.0,1.1102230246251565e-16,0.0,0.3456279770570301
POLIGONO PLA DE LA VALLONGA,SOLARES,0.0,1.0,0.0,0.0,1.1102230246251565e-16,0.0,0.35605441119699366
POLIGONO SAN BLAS,COMERCIO,0.280426367727429,0.004907318421366666,0.56709481458426,1.0,0.26425881745892077,0.515077424612877,0.3700643557765535
POLIGONO SAN BLAS,CULTURAL,0.280426367727429,0.004907318421366666,0.56709481458426,1.0,0.26425881745892077,0.515077424612877,0.3970944958136149
POLIGONO SAN BLAS,DEPORTIVO,0.280426367727429,0.004907318421366666,0.56709481458426,1.0,0.26425881745892077,0.515077424612877,0.40604364843563756
POLIGONO SAN BLAS,EDIF. SINGULAR,0.280426367727429,0.004907318421366666,0.56709481458426,1.0,0.26425881745892077,0.515077424612877,0.3923580166668872
POLIGONO SAN BLAS,ESPECTACULOS,0.280426367727429,0.004907318421366666,0.56709481458426,1.0,0.26425881745892077,0.515077424612877,0.3970944958136149
POLIGONO SAN BLAS,INDUSTRIAL,0.280426367727429,0.004907318421366666,0.56709481458426,1.0,0.26425881745892077,0.515077424612877,0.4526418655800879
POLIGONO SAN BLAS,OCIO-HOSTELERIA,0.280426367727429,0.004907318421366666,0.56709481458426,1.0,0.26425881745892077,0.515077424612877,0.4000418921554958
POLIGONO SAN BLAS,OFICINA,0.280426367727429,0.004907318421366666,0.56709481458426,1.0,0.26425881745892077,0.515077424612877,0.3284524351882965
POLIGONO SAN BLAS,PUERTOS COMERC.,0.280426367727429,0.004907318421366666,0.56709481458426,1.0,0.26425881745892077,0.515077424612877,0.3381596523201835
POLIGONO SAN BLAS,RELIGIOSO,0.280426367727429,0.004907318421366666,0.56709481458426,1.0,0.26425881745892077,0.515077424612877,0.3970944958136149
POLIGONO SAN BLAS,RESIDENCIAL,0.280426367727429,0.004907318421366666,0.56709481458426,1.0,0.26425881745892077,0.515077424612877,0.4132225085868446
POLIGONO SAN BLAS,"SANIDAD,BENEF.",0.280426367727429,0.004907318421366666,0.56709481458426,1.0,0.26425881745892077,0.515077424612877,0.3970944958136149
POLIGONO SAN BLAS,SOLARES,0.280426367727429,0.004907318421366666,0.56709481458426,1.0,0.26425881745892077,0.515077424612877,0.42435057425440936
POLÍGONO DE BABEL,COMERCIO,0.2549758894304566,0.015584480351087154,0.6336876605361331,0.5217391304347826,0.8810493204446478,0.34813909263787013,0.23728334904408488
POLÍGONO DE BABEL,CULTURAL,0.2549758894304566,0.015584480351087154,0.6336876605361331,0.5217391304347826,0.8810493204446478,0.34813909263787013,0.30543546219474194
POLÍGONO DE BABEL,DEPORTIVO,0.2549758894304566,0.015584480351087154,0.6336876605361331,0.5217391304347826,0.8810493204446478,0.34813909263787013,0.3022590592236225
POLÍGONO DE BABEL,EDIF. SINGULAR,0.2549758894304566,0.015584480351087154,0.6336876605361331,0.5217391304347826,0.8810493204446478,0.34813909263787013,0.30069898304801423
POLÍGONO DE BABEL,ESPECTACULOS,0.2549758894304566,0.015584480351087154,0.6336876605361331,0.5217391304347826,0.8810493204446478,0.34813909263787013,0.30543546219474194
POLÍGONO DE BABEL,INDUSTRIAL,0.2549758894304566,0.015584480351087154,0.6336876605361331,0.5217391304347826,0.8810493204446478,0.34813909263787013,0.3707690311060734
POLÍGONO DE BABEL,OCIO-HOSTELERIA,0.2549758894304566,0.015584480351087154,0.6336876605361331,0.5217391304347826,0.8810493204446478,0.34813909263787013,0.3083828585366226
POLÍGONO DE BABEL,OFICINA,0.2549758894304566,0.015584480351087154,0.6336876605361331,0.5217391304347826,0.8810493204446478,0.34813909263787013,0.22773066543608822
POLÍGONO DE BABEL,PUERTOS COMERC.,0.2549758894304566,0.015584480351087154,0.6336876605361331,0.5217391304347826,0.8810493204446478,0.34813909263787013,0.2542438181849278
POLÍGONO DE BABEL,RELIGIOSO,0.2549758894304566,0.015584480351087154,0.6336876605361331,0.5217391304347826,0.8810493204446478,0.34813909263787013,0.30543546219474194
POLÍGONO DE BABEL,RESIDENCIAL,0.2549758894304566,0.015584480351087154,0.6336876605361331,0.5217391304347826,0.8810493204446478,0.34813909263787013,0.3313411150235932
POLÍGONO DE BABEL,"SANIDAD,BENEF.",0.2549758894304566,0.015584480351087154,0.6336876605361331,0.5217391304347826,0.8810493204446478,0.34813909263787013,0.30543546219474194
POLÍGONO DE BABEL,SOLARES,0.2549758894304566,0.015584480351087154,0.6336876605361331,0.5217391304347826,0.8810493204446478,0.34813909263787013,0.3462392864695314
RABASA,COMERCIO,0.18065071496217663,0.011146780809702083,0.8224719815642595,0.08695652173913043,0.29373380778784786,0.13861722358054884,0.7626822677240144
RABASA,CULTURAL,0.18065071496217663,0.011146780809702083,0.8224719815642595,0.08695652173913043,0.29373380778784786,0.13861722358054884,0.8071339853200099
RABASA,DEPORTIVO,0.18065071496217663,0.011146780809702083,0.8224719815642595,0.08695652173913043,0.29373380778784786,0.13861722358054884,0.8105002739584874
RABASA,EDIF. SINGULAR,0.18065071496217663,0.011146780809702083,0.8224719815642595,0.08695652173913043,0.29373380778784786,0.13861722358054884,0.7985627530766846
RABASA,ESPECTACULOS,0.18065071496217663,0.011146780809702083,0.8224719815642595,0.08695652173913043,0.29373380778784786,0.13861722358054884,0.8071339853200099
RABASA,INDUSTRIAL,0.18065071496217663,0.011146780809702083,0.8224719815642595,0.08695652173913043,0.29373380778784786,0.13861722358054884,0.8239756204853821
RABASA,OCIO-HOSTELERIA,0.18065071496217663,0.011146780809702083,0.8224719815642595,0.08695652173913043,0.29373380778784786,0.13861722358054884,0.8071339853200099
RABASA,OFICINA,0.18065071496217663,0.011146780809702083,0.8224719815642595,0.08695652173913043,0.29373380778784786,0.13861722358054884,0.7368555402293071
RABASA,PUERTOS COMERC.,0.18065071496217663,0.011146780809702083,0.8224719815642595,0.08695652173913043,0.29373380778784786,0.13861722358054884,0.7709035569203582
RABASA,RELIGIOSO,0.18065071496217663,0.011146780809702083,0.8224719815642595,0.08695652173913043,0.29373380778784786,0.13861722358054884,0.8071339853200099
RABASA,RESIDENCIAL,0.18065071496217663,0.011146780809702083,0.8224719815642595,0.08695652173913043,0.29373380778784786,0.13861722358054884,0.8155449634845169
RABASA,"SANIDAD,BENEF.",0.18065071496217663,0.011146780809702083,0.8224719815642595,0.08695652173913043,0.29373380778784786,0.13861722358054884,0.7425347611968431
RABASA,SOLARES,0.18065071496217663,0.011146780809702083,0.8224719815642595,0.08695652173913043,0.29373380778784786,0.13861722358054884,0.8996433519971339
RAVAL ROIG-VIRGEN DEL SOCORRO,COMERCIO,0.39679170473969605,0.041679491125474304,0.6683355581702902,0.0,0.9532751306827881,0.47874218962238524,0.23017518449461494
RAVAL ROIG-VIRGEN DEL SOCORRO,CULTURAL,0.39679170473969605,0.041679491125474304,0.6683355581702902,0.0,0.9532751306827881,0.47874218962238524,0.3021260356572517
RAVAL ROIG-VIRGEN DEL SOCORRO,DEPORTIVO,0.39679170473969605,0.041679491125474304,0.6683355581702902,0.0,0.9532751306827881,0.47874218962238524,0.3046254159840467
RAVAL ROIG-VIRGEN DEL SOCORRO,EDIF. SINGULAR,0.39679170473969605,0.041679491125474304,0.6683355581702902,0.0,0.9532751306827881,0.47874218962238524,0.29738955651052423
RAVAL ROIG-VIRGEN DEL SOCORRO,ESPECTACULOS,0.39679170473969605,0.041679491125474304,0.6683355581702902,0.0,0.9532751306827881,0.47874218962238524,0.3021260356572517
RAVAL ROIG-VIRGEN DEL SOCORRO,INDUSTRIAL,0.39679170473969605,0.041679491125474304,0.6683355581702902,0.0,0.9532751306827881,0.47874218962238524,0.3600437136981227
RAVAL ROIG-VIRGEN DEL SOCORRO,OCIO-HOSTELERIA,0.39679170473969605,0.041679491125474304,0.6683355581702902,0.0,0.9532751306827881,0.47874218962238524,0.30296249003592535
RAVAL ROIG-VIRGEN DEL SOCORRO,OFICINA,0.39679170473969605,0.041679491125474304,0.6683355581702902,0.0,0.9532751306827881,0.47874218962238524,0.2209289272081072
RAVAL ROIG-VIRGEN DEL SOCORRO,PUERTOS COMERC.,0.39679170473969605,0.041679491125474304,0.6683355581702902,0.0,0.9532751306827881,0.47874218962238524,0.24138094427870427
RAVAL ROIG-VIRGEN DEL SOCORRO,RELIGIOSO,0.39679170473969605,0.041679491125474304,0.6683355581702902,0.0,0.9532751306827881,0.47874218962238524,0.3021260356572517
RAVAL ROIG-VIRGEN DEL SOCORRO,RESIDENCIAL,0.39679170473969605,0.041679491125474304,0.6683355581702902,0.0,0.9532751306827881,0.47874218962238524,0.36934646285572725
RAVAL ROIG-VIRGEN DEL SOCORRO,"SANIDAD,BENEF.",0.39679170473969605,0.041679491125474304,0.6683355581702902,0.0,0.9532751306827881,0.47874218962238524,0.3021260356572517
RAVAL ROIG-VIRGEN DEL SOCORRO,SOLARES,0.39679170473969605,0.041679491125474304,0.6683355581702902,0.0,0.9532751306827881,0.47874218962238524,0.32527799424248993
SAN AGUSTÍN,COMERCIO,0.3319314371603653,0.0,0.6458330917194331,0.08695652173913043,0.43630586572219177,0.515077424612877,0.7463108024198108
SAN AGUSTÍN,CULTURAL,0.3319314371603653,0.0,0.6458330917194331,0.08695652173913043,0.43630586572219177,0.515077424612877,0.8003957689337271
SAN AGUSTÍN,DEPORTIVO,0.3319314371603653,0.0,0.6458330917194331,0.08695652173913043,0.43630586572219177,0.515077424612877,0.8127570781603037
SAN AGUSTÍN,EDIF. SINGULAR,0.3319314371603653,0.0,0.6458330917194331,0.08695652173913043,0.43630586572219177,0.515077424612877,0.7896865591201181
SAN AGUSTÍN,ESPECTACULOS,0.3319314371603653,0.0,0.6458330917194331,0.08695652173913043,0.43630586572219177,0.515077424612877,0.8003957689337271
SAN AGUSTÍN,INDUSTRIAL,0.3319314371603653,0.0,0.6458330917194331,0.08695652173913043,0.43630586572219177,0.515077424612877,0.8182719718537332
SAN AGUSTÍN,OCIO-HOSTELERIA,0.3319314371603653,0.0,0.6458330917194331,0.08695652173913043,0.43630586572219177,0.515077424612877,0.8003957689337271
SAN AGUSTÍN,OFICINA,0.3319314371603653,0.0,0.6458330917194331,0.08695652173913043,0.43630586572219177,0.515077424612877,0.7185368759184467
SAN AGUSTÍN,PUERTOS COMERC.,0.3319314371603653,0.0,0.6458330917194331,0.08695652173913043,0.43630586572219177,0.515077424612877,0.7701990419447389
SAN AGUSTÍN,RELIGIOSO,0.3319314371603653,0.0,0.6458330917194331,0.08695652173913043,0.43630586572219177,0.515077424612877,0.8003957689337271
SAN AGUSTÍN,RESIDENCIAL,0.3319314371603653,0.0,0.6458330917194331,0.08695652173913043,0.43630586572219177,0.515077424612877,0.809056969275578
SAN AGUSTÍN,"SANIDAD,BENEF.",0.3319314371603653,0.0,0.6458330917194331,0.08695652173913043,0.43630586572219177,0.515077424612877,0.7124414189345796
SAN AGUSTÍN,SOLARES,0.3319314371603653,0.0,0.6458330917194331,0.08695652173913043,0.43630586572219177,0.515077424612877,0.8860523985075597
SAN ANTÓN,COMERCIO,0.6863621483918518,0.04271626635422743,0.7170150565606629,0.0,0.8786566603041521,0.4915783754414561,0.6726743045041268
SAN ANTÓN,CULTURAL,0.6863621483918518,0.04271626635422743,0.7170150565606629,0.0,0.8786566603041521,0.4915783754414561,0.7448757578722296
SAN ANTÓN,DEPORTIVO,0.6863621483918518,0.04271626635422743,0.7170150565606629,0.0,0.8786566603041521,0.4915783754414561,0.7405495990421354
SAN ANTÓN,EDIF. SINGULAR,0.6863621483918518,0.04271626635422743,0.7170150565606629,0.0,0.8786566603041521,0.4915783754414561,0.733565783399375
SAN ANTÓN,ESPECTACULOS,0.6863621483918518,0.04271626635422743,0.7170150565606629,0.0,0.8786566603041521,0.4915783754414561,0.744274993212984
SAN ANTÓN,INDUSTRIAL,0.6863621483918518,0.04271626635422743,0.7170150565606629,0.0,0.8786566603041521,0.4915783754414561,0.7552688348677308
SAN ANTÓN,OCIO-HOSTELERIA,0.6863621483918518,0.04271626635422743,0.7170150565606629,0.0,0.8786566603041521,0.4915783754414561,0.744274993212984
SAN ANTÓN,OFICINA,0.6863621483918518,0.04271626635422743,0.7170150565606629,0.0,0.8786566603041521,0.4915783754414561,0.6540104039984569
SAN ANTÓN,PUERTOS COMERC.,0.6863621483918518,0.04271626635422743,0.7170150565606629,0.0,0.8786566603041521,0.4915783754414561,0.7044488607308705
SAN ANTÓN,RELIGIOSO,0.6863621483918518,0.04271626635422743,0.7170150565606629,0.0,0.8786566603041521,0.4915783754414561,0.744274993212984
SAN ANTÓN,RESIDENCIAL,0.6863621483918518,0.04271626635422743,0.7170150565606629,0.0,0.8786566603041521,0.4915783754414561,0.7643589223434224
SAN ANTÓN,"SANIDAD,BENEF.",0.6863621483918518,0.04271626635422743,0.7170150565606629,0.0,0.8786566603041521,0.4915783754414561,0.734943701511056
SAN ANTÓN,SOLARES,0.6863621483918518,0.04271626635422743,0.7170150565606629,0.0,0.8786566603041521,0.4915783754414561,0.8172144884663217
SAN BLAS-SANTO DOMINGO,COMERCIO,0.7736216178471816,0.04920235260439028,0.6197704858479074,0.4782608695652174,0.7284596186800951,0.515077424612877,0.537852244810556
SAN BLAS-SANTO DOMINGO,CULTURAL,0.7736216178471816,0.04920235260439028,0.6197704858479074,0.4782608695652174,0.7284596186800951,0.515077424612877,0.6220590215130442
SAN BLAS-SANTO DOMINGO,DEPORTIVO,0.7736216178471816,0.04920235260439028,0.6197704858479074,0.4782608695652174,0.7284596186800951,0.515077424612877,0.6188000559020603
SAN BLAS-SANTO DOMINGO,EDIF. SINGULAR,0.7736216178471816,0.04920235260439028,0.6197704858479074,0.4782608695652174,0.7284596186800951,0.515077424612877,0.6107490470401895
SAN BLAS-SANTO DOMINGO,ESPECTACULOS,0.7736216178471816,0.04920235260439028,0.6197704858479074,0.4782608695652174,0.7284596186800951,0.515077424612877,0.6214582568537985
SAN BLAS-SANTO DOMINGO,INDUSTRIAL,0.7736216178471816,0.04920235260439028,0.6197704858479074,0.4782608695652174,0.7284596186800951,0.515077424612877,0.652878614732239
SAN BLAS-SANTO DOMINGO,OCIO-HOSTELERIA,0.7736216178471816,0.04920235260439028,0.6197704858479074,0.4782608695652174,0.7284596186800951,0.515077424612877,0.6214582568537985
SAN BLAS-SANTO DOMINGO,OFICINA,0.7736216178471816,0.04920235260439028,0.6197704858479074,0.4782608695652174,0.7284596186800951,0.515077424612877,0.5317257078118935
SAN BLAS-SANTO DOMINGO,PUERTOS COMERC.,0.7736216178471816,0.04920235260439028,0.6197704858479074,0.4782608695652174,0.7284596186800951,0.515077424612877,0.6075355113836647
SAN BLAS-SANTO DOMINGO,RELIGIOSO,0.7736216178471816,0.04920235260439028,0.6197704858479074,0.4782608695652174,0.7284596186800951,0.515077424612877,0.6214582568537985
SAN BLAS-SANTO DOMINGO,RESIDENCIAL,0.7736216178471816,0.04920235260439028,0.6197704858479074,0.4782608695652174,0.7284596186800951,0.515077424612877,0.6467945180105257
SAN BLAS-SANTO DOMINGO,"SANIDAD,BENEF.",0.7736216178471816,0.04920235260439028,0.6197704858479074,0.4782608695652174,0.7284596186800951,0.515077424612877,0.5943413237082156
SAN BLAS-SANTO DOMINGO,SOLARES,0.7736216178471816,0.04920235260439028,0.6197704858479074,0.4782608695652174,0.7284596186800951,0.515077424612877,0.6724020578232295
SAN FERNANDO-PRINCESA MERCEDES,COMERCIO,0.4726849073897688,0.0013611220000868055,0.8854990120631243,0.08695652173913043,0.663792402473913,0.16388209725618041,0.5402893084302889
SAN FERNANDO-PRINCESA MERCEDES,CULTURAL,0.4726849073897688,0.0013611220000868055,0.8854990120631243,0.08695652173913043,0.663792402473913,0.16388209725618041,0.628052696522865
SAN FERNANDO-PRINCESA MERCEDES,DEPORTIVO,0.4726849073897688,0.0013611220000868055,0.8854990120631243,0.08695652173913043,0.663792402473913,0.16388209725618041,0.6201804594896672
SAN FERNANDO-PRINCESA MERCEDES,EDIF. SINGULAR,0.4726849073897688,0.0013611220000868055,0.8854990120631243,0.08695652173913043,0.663792402473913,0.16388209725618041,0.6167427220500104
SAN FERNANDO-PRINCESA MERCEDES,ESPECTACULOS,0.4726849073897688,0.0013611220000868055,0.8854990120631243,0.08695652173913043,0.663792402473913,0.16388209725618041,0.6274519318636191
SAN FERNANDO-PRINCESA MERCEDES,INDUSTRIAL,0.4726849073897688,0.0013611220000868055,0.8854990120631243,0.08695652173913043,0.663792402473913,0.16388209725618041,0.6549485500854337
SAN FERNANDO-PRINCESA MERCEDES,OCIO-HOSTELERIA,0.4726849073897688,0.0013611220000868055,0.8854990120631243,0.08695652173913043,0.663792402473913,0.16388209725618041,0.6274519318636191
SAN FERNANDO-PRINCESA MERCEDES,OFICINA,0.4726849073897688,0.0013611220000868055,0.8854990120631243,0.08695652173913043,0.663792402473913,0.16388209725618041,0.5282733698472162
SAN FERNANDO-PRINCESA MERCEDES,PUERTOS COMERC.,0.4726849073897688,0.0013611220000868055,0.8854990120631243,0.08695652173913043,0.663792402473913,0.16388209725618041,0.6066474707186229
SAN FERNANDO-PRINCESA MERCEDES,RELIGIOSO,0.4726849073897688,0.0013611220000868055,0.8854990120631243,0.08695652173913043,0.663792402473913,0.16388209725618041,0.6274519318636191
SAN FERNANDO-PRINCESA MERCEDES,RESIDENCIAL,0.4726849073897688,0.0013611220000868055,0.8854990120631243,0.08695652173913043,0.663792402473913,0.16388209725618041,0.6534770632598532
SAN FERNANDO-PRINCESA MERCEDES,"SANIDAD,BENEF.",0.4726849073897688,0.0013611220000868055,0.8854990120631243,0.08695652173913043,0.663792402473913,0.16388209725618041,0.6003349987180364
SAN FERNANDO-PRINCESA MERCEDES,SOLARES,0.4726849073897688,0.0013611220000868055,0.8854990120631243,0.08695652173913043,0.663792402473913,0.16388209725618041,0.6804883278102423
SAN GABRIEL,COMERCIO,0.4764665863798774,0.0009484354608635416,0.7200421295077539,0.17391304347826086,0.9224856883335479,0.5148736756316218,0.5600005379166
SAN GABRIEL,CULTURAL,0.4764665863798774,0.0009484354608635416,0.7200421295077539,0.17391304347826086,0.9224856883335479,0.5148736756316218,0.6247882277903813
SAN GABRIEL,DEPORTIVO,0.4764665863798774,0.0009484354608635416,0.7200421295077539,0.17391304347826086,0.9224856883335479,0.5148736756316218,0.6221300268386432
SAN GABRIEL,EDIF. SINGULAR,0.4764665863798774,0.0009484354608635416,0.7200421295077539,0.17391304347826086,0.9224856883335479,0.5148736756316218,0.6140790179767721
SAN GABRIEL,ESPECTACULOS,0.4764665863798774,0.0009484354608635416,0.7200421295077539,0.17391304347826086,0.9224856883335479,0.5148736756316218,0.6247882277903813
SAN GABRIEL,INDUSTRIAL,0.4764665863798774,0.0009484354608635416,0.7200421295077539,0.17391304347826086,0.9224856883335479,0.5148736756316218,0.6562085856688216
SAN GABRIEL,OCIO-HOSTELERIA,0.4764665863798774,0.0009484354608635416,0.7200421295077539,0.17391304347826086,0.9224856883335479,0.5148736756316218,0.6247882277903813
SAN GABRIEL,OFICINA,0.4764665863798774,0.0009484354608635416,0.7200421295077539,0.17391304347826086,0.9224856883335479,0.5148736756316218,0.5473156355535165
SAN GABRIEL,PUERTOS COMERC.,0.4764665863798774,0.0009484354608635416,0.7200421295077539,0.17391304347826086,0.9224856883335479,0.5148736756316218,0.6128617737411677
SAN GABRIEL,RELIGIOSO,0.4764665863798774,0.0009484354608635416,0.7200421295077539,0.17391304347826086,0.9224856883335479,0.5148736756316218,0.6247882277903813
SAN GABRIEL,RESIDENCIAL,0.4764665863798774,0.0009484354608635416,0.7200421295077539,0.17391304347826086,0.9224856883335479,0.5148736756316218,0.6540345328827157
SAN GABRIEL,"SANIDAD,BENEF.",0.4764665863798774,0.0009484354608635416,0.7200421295077539,0.17391304347826086,0.9224856883335479,0.5148736756316218,0.597671294644798
SAN GABRIEL,SOLARES,0.4764665863798774,0.0009484354608635416,0.7200421295077539,0.17391304347826086,0.9224856883335479,0.5148736756316218,0.6763967761445344
SAN JUAN PLAYA,COMERCIO,0.3530334143837222,0.0014437014194472223,0.706463014725426,0.5217391304347826,0.7190692550187372,0.6906411301276828,0.2514040676880267
SAN JUAN PLAYA,CULTURAL,0.3530334143837222,0.0014437014194472223,0.706463014725426,0.5217391304347826,0.7190692550187372,0.6906411301276828,0.32095541225731283
SAN JUAN PLAYA,DEPORTIVO,0.3530334143837222,0.0014437014194472223,0.706463014725426,0.5217391304347826,0.7190692550187372,0.6906411301276828,0.32083563152007133
SAN JUAN PLAYA,EDIF. SINGULAR,0.3530334143837222,0.0014437014194472223,0.706463014725426,0.5217391304347826,0.7190692550187372,0.6906411301276828,0.31621893311058513
SAN JUAN PLAYA,ESPECTACULOS,0.3530334143837222,0.0014437014194472223,0.706463014725426,0.5217391304347826,0.7190692550187372,0.6906411301276828,0.32095541225731283
SAN JUAN PLAYA,INDUSTRIAL,0.3530334143837222,0.0014437014194472223,0.706463014725426,0.5217391304347826,0.7190692550187372,0.6906411301276828,0.37969230142360044
SAN JUAN PLAYA,OCIO-HOSTELERIA,0.3530334143837222,0.0014437014194472223,0.706463014725426,0.5217391304347826,0.7190692550187372,0.6906411301276828,0.31905024234670964
SAN JUAN PLAYA,OFICINA,0.3530334143837222,0.0014437014194472223,0.706463014725426,0.5217391304347826,0.7190692550187372,0.6906411301276828,0.24158529922814376
SAN JUAN PLAYA,PUERTOS COMERC.,0.3530334143837222,0.0014437014194472223,0.706463014725426,0.5217391304347826,0.7190692550187372,0.6906411301276828,0.26976376824749937
SAN JUAN PLAYA,RELIGIOSO,0.3530334143837222,0.0014437014194472223,0.706463014725426,0.5217391304347826,0.7190692550187372,0.6906411301276828,0.32095541225731283
SAN JUAN PLAYA,RESIDENCIAL,0.3530334143837222,0.0014437014194472223,0.706463014725426,0.5217391304347826,0.7190692550187372,0.6906411301276828,0.34335285424508943
SAN JUAN PLAYA,"SANIDAD,BENEF.",0.3530334143837222,0.0014437014194472223,0.706463014725426,0.5217391304347826,0.7190692550187372,0.6906411301276828,0.32095541225731283
SAN JUAN PLAYA,SOLARES,0.3530334143837222,0.0014437014194472223,0.706463014725426,0.5217391304347826,0.7190692550187372,0.6906411301276828,0.3583494863244956
SANTA FAZ,COMERCIO,0.41311272856316394,0.018502072232089932,0.9565952923021653,0.0,0.3956392167042502,0.6906411301276828,0.4234472922879944
SANTA FAZ,CULTURAL,0.41311272856316394,0.018502072232089932,0.9565952923021653,0.0,0.3956392167042502,0.6906411301276828,0.4674685200782265
SANTA FAZ,DEPORTIVO,0.41311272856316394,0.018502072232089932,0.9565952923021653,0.0,0.3956392167042502,0.6906411301276828,0.4702940528848423
SANTA FAZ,EDIF. SINGULAR,0.41311272856316394,0.018502072232089932,0.9565952923021653,0.0,0.3956392167042502,0.6906411301276828,0.46213127627225314
SANTA FAZ,ESPECTACULOS,0.41311272856316394,0.018502072232089932,0.9565952923021653,0.0,0.3956392167042502,0.6906411301276828,0.4668677554189806
SANTA FAZ,INDUSTRIAL,0.41311272856316394,0.018502072232089932,0.9565952923021653,0.0,0.3956392167042502,0.6906411301276828,0.5150548589177648
SANTA FAZ,OCIO-HOSTELERIA,0.41311272856316394,0.018502072232089932,0.9565952923021653,0.0,0.3956392167042502,0.6906411301276828,0.46010603041378273
SANTA FAZ,OFICINA,0.41311272856316394,0.018502072232089932,0.9565952923021653,0.0,0.3956392167042502,0.6906411301276828,0.4145443112676539
SANTA FAZ,PUERTOS COMERC.,0.41311272856316394,0.018502072232089932,0.9565952923021653,0.0,0.3956392167042502,0.6906411301276828,0.41142356808190805
SANTA FAZ,RELIGIOSO,0.41311272856316394,0.018502072232089932,0.9565952923021653,0.0,0.3956392167042502,0.6906411301276828,0.4668677554189806
SANTA FAZ,RESIDENCIAL,0.41311272856316394,0.018502072232089932,0.9565952923021653,0.0,0.3956392167042502,0.6906411301276828,0.5008206480696342
SANTA FAZ,"SANIDAD,BENEF.",0.41311272856316394,0.018502072232089932,0.9565952923021653,0.0,0.3956392167042502,0.6906411301276828,0.4634467248683731
SANTA FAZ,SOLARES,0.41311272856316394,0.018502072232089932,0.9565952923021653,0.0,0.3956392167042502,0.6906411301276828,0.5034640542976427
SIDI IFNI-NOU ALACANT,COMERCIO,0.9528240134129536,0.0,0.7935202627569838,0.08695652173913043,0.5593455552376498,0.18187992393371377,0.8150462834901826
SIDI IFNI-NOU ALACANT,CULTURAL,0.9528240134129536,0.0,0.7935202627569838,0.08695652173913043,0.5593455552376498,0.18187992393371377,0.8536653904652831
SIDI IFNI-NOU ALACANT,DEPORTIVO,0.9528240134129536,0.0,0.7935202627569838,0.08695652173913043,0.5593455552376498,0.18187992393371377,0.8612784151539179
SIDI IFNI-NOU ALACANT,EDIF. SINGULAR,0.9528240134129536,0.0,0.7935202627569838,0.08695652173913043,0.5593455552376498,0.18187992393371377,0.8456640569842002
SIDI IFNI-NOU ALACANT,ESPECTACULOS,0.9528240134129536,0.0,0.7935202627569838,0.08695652173913043,0.5593455552376498,0.18187992393371377,0.8563732667978092
SIDI IFNI-NOU ALACANT,INDUSTRIAL,0.9528240134129536,0.0,0.7935202627569838,0.08695652173913043,0.5593455552376498,0.18187992393371377,0.8587584073915886
SIDI IFNI-NOU ALACANT,OCIO-HOSTELERIA,0.9528240134129536,0.0,0.7935202627569838,0.08695652173913043,0.5593455552376498,0.18187992393371377,0.8563732667978092
SIDI IFNI-NOU ALACANT,OFICINA,0.9528240134129536,0.0,0.7935202627569838,0.08695652173913043,0.5593455552376498,0.18187992393371377,0.7419654304338494
SIDI IFNI-NOU ALACANT,PUERTOS COMERC.,0.9528240134129536,0.0,0.7935202627569838,0.08695652173913043,0.5593455552376498,0.18187992393371377,0.8407851813142173
SIDI IFNI-NOU ALACANT,RELIGIOSO,0.9528240134129536,0.0,0.7935202627569838,0.08695652173913043,0.5593455552376498,0.18187992393371377,0.8563732667978092
SIDI IFNI-NOU ALACANT,RESIDENCIAL,0.9528240134129536,0.0,0.7935202627569838,0.08695652173913043,0.5593455552376498,0.18187992393371377,0.8544587167663356
SIDI IFNI-NOU ALACANT,"SANIDAD,BENEF.",0.9528240134129536,0.0,0.7935202627569838,0.08695652173913043,0.5593455552376498,0.18187992393371377,0.8092802397987722
SIDI IFNI-NOU ALACANT,SOLARES,0.9528240134129536,0.0,0.7935202627569838,0.08695652173913043,0.5593455552376498,0.18187992393371377,0.9611077676022859
TÓMBOLA,COMERCIO,0.6546653569945353,0.0,0.688130941816016,0.043478260869565216,0.35292607060795655,0.13861722358054884,0.6963031477532742
TÓMBOLA,CULTURAL,0.6546653569945353,0.0,0.688130941816016,0.043478260869565216,0.35292607060795655,0.13861722358054884,0.7611639519922193
TÓMBOLA,DEPORTIVO,0.6546653569945353,0.0,0.688130941816016,0.043478260869565216,0.35292607060795655,0.13861722358054884,0.7650358301814606
TÓMBOLA,EDIF. SINGULAR,0.6546653569945353,0.0,0.688130941816016,0.043478260869565216,0.35292607060795655,0.13861722358054884,0.7531626185111362
TÓMBOLA,ESPECTACULOS,0.6546653569945353,0.0,0.688130941816016,0.043478260869565216,0.35292607060795655,0.13861722358054884,0.7638718283247454
TÓMBOLA,INDUSTRIAL,0.6546653569945353,0.0,0.688130941816016,0.043478260869565216,0.35292607060795655,0.13861722358054884,0.7804416341251701
TÓMBOLA,OCIO-HOSTELERIA,0.6546653569945353,0.0,0.688130941816016,0.043478260869565216,0.35292607060795655,0.13861722358054884,0.7638718283247454
TÓMBOLA,OFICINA,0.6546653569945353,0.0,0.688130941816016,0.043478260869565216,0.35292607060795655,0.13861722358054884,0.6714436089682725
TÓMBOLA,PUERTOS COMERC.,0.6546653569945353,0.0,0.688130941816016,0.043478260869565216,0.35292607060795655,0.13861722358054884,0.7397334515039913
TÓMBOLA,RELIGIOSO,0.6546653569945353,0.0,0.688130941816016,0.043478260869565216,0.35292607060795655,0.13861722358054884,0.7638718283247454
TÓMBOLA,RESIDENCIAL,0.6546653569945353,0.0,0.688130941816016,0.043478260869565216,0.35292607060795655,0.13861722358054884,0.7727714800049668
TÓMBOLA,"SANIDAD,BENEF.",0.6546653569945353,0.0,0.688130941816016,0.043478260869565216,0.35292607060795655,0.13861722358054884,0.7437997640159351
TÓMBOLA,SOLARES,0.6546653569945353,0.0,0.688130941816016,0.043478260869565216,0.35292607060795655,0.13861722358054884,0.849176322448641
VILLAFRANQUEZA,COMERCIO,0.3297461856417374,0.011128917378917361,0.6585385623155797,0.08695652173913043,1.1102230246251565e-16,0.11926107036131495,0.7229006218530298
VILLAFRANQUEZA,CULTURAL,0.3297461856417374,0.011128917378917361,0.6585385623155797,0.08695652173913043,1.1102230246251565e-16,0.11926107036131495,0.7838298561175903
VILLAFRANQUEZA,DEPORTIVO,0.3297461856417374,0.011128917378917361,0.6585385623155797,0.08695652173913043,1.1102230246251565e-16,0.11926107036131495,0.7843930933150598
VILLAFRANQUEZA,EDIF. SINGULAR,0.3297461856417374,0.011128917378917361,0.6585385623155797,0.08695652173913043,1.1102230246251565e-16,0.11926107036131495,0.7725198816447358
VILLAFRANQUEZA,ESPECTACULOS,0.3297461856417374,0.011128917378917361,0.6585385623155797,0.08695652173913043,1.1102230246251565e-16,0.11926107036131495,0.7832290914583449
VILLAFRANQUEZA,INDUSTRIAL,0.3297461856417374,0.011128917378917361,0.6585385623155797,0.08695652173913043,1.1102230246251565e-16,0.11926107036131495,0.7932381134930842
VILLAFRANQUEZA,OCIO-HOSTELERIA,0.3297461856417374,0.011128917378917361,0.6585385623155797,0.08695652173913043,1.1102230246251565e-16,0.11926107036131495,0.7832290914583449
VILLAFRANQUEZA,OFICINA,0.3297461856417374,0.011128917378917361,0.6585385623155797,0.08695652173913043,1.1102230246251565e-16,0.11926107036131495,0.7156802896525671
VILLAFRANQUEZA,PUERTOS COMERC.,0.3297461856417374,0.011128917378917361,0.6585385623155797,0.08695652173913043,1.1102230246251565e-16,0.11926107036131495,0.765168927001673
VILLAFRANQUEZA,RELIGIOSO,0.3297461856417374,0.011128917378917361,0.6585385623155797,0.08695652173913043,1.1102230246251565e-16,0.11926107036131495,0.7832290914583449
VILLAFRANQUEZA,RESIDENCIAL,0.3297461856417374,0.011128917378917361,0.6585385623155797,0.08695652173913043,1.1102230246251565e-16,0.11926107036131495,0.7883564978244906
VILLAFRANQUEZA,"SANIDAD,BENEF.",0.3297461856417374,0.011128917378917361,0.6585385623155797,0.08695652173913043,1.1102230246251565e-16,0.11926107036131495,0.728086137384421
VILLAFRANQUEZA,SOLARES,0.3297461856417374,0.011128917378917361,0.6585385623155797,0.08695652173913043,1.1102230246251565e-16,0.11926107036131495,0.8621844277674287
VIRGEN DEL CARMEN,COMERCIO,0.2933772059924593,0.0,0.9999999999999999,0.043478260869565216,0.45726715298751686,0.18187992393371377,0.8092577485831451
VIRGEN DEL CARMEN,CULTURAL,0.2933772059924593,0.0,0.9999999999999999,0.043478260869565216,0.45726715298751686,0.18187992393371377,0.8582860790352964
VIRGEN DEL CARMEN,DEPORTIVO,0.2933772059924593,0.0,0.9999999999999999,0.043478260869565216,0.45726715298751686,0.18187992393371377,0.8669344727728443
VIRGEN DEL CARMEN,EDIF. SINGULAR,0.2933772059924593,0.0,0.9999999999999999,0.043478260869565216,0.45726715298751686,0.18187992393371377,0.8475768692216872
VIRGEN DEL CARMEN,ESPECTACULOS,0.2933772059924593,0.0,0.9999999999999999,0.043478260869565216,0.45726715298751686,0.18187992393371377,0.8582860790352964
VIRGEN DEL CARMEN,INDUSTRIAL,0.2933772059924593,0.0,0.9999999999999999,0.043478260869565216,0.45726715298751686,0.18187992393371377,0.8643654656865383
VIRGEN DEL CARMEN,OCIO-HOSTELERIA,0.2933772059924593,0.0,0.9999999999999999,0.043478260869565216,0.45726715298751686,0.18187992393371377,0.8582860790352964
VIRGEN DEL CARMEN,OFICINA,0.2933772059924593,0.0,0.9999999999999999,0.043478260869565216,0.45726715298751686,0.18187992393371377,0.7461525003211913
VIRGEN DEL CARMEN,PUERTOS COMERC.,0.2933772059924593,0.0,0.9999999999999999,0.043478260869565216,0.45726715298751686,0.18187992393371377,0.8392990452195004
VIRGEN DEL CARMEN,RELIGIOSO,0.2933772059924593,0.0,0.9999999999999999,0.043478260869565216,0.45726715298751686,0.18187992393371377,0.8582860790352964
VIRGEN DEL CARMEN,RESIDENCIAL,0.2933772059924593,0.0,0.9999999999999999,0.043478260869565216,0.45726715298751686,0.18187992393371377,0.8601139362839054
VIRGEN DEL CARMEN,"SANIDAD,BENEF.",0.2933772059924593,0.0,0.9999999999999999,0.043478260869565216,0.45726715298751686,0.18187992393371377,0.7897285116740087
VIRGEN DEL CARMEN,SOLARES,0.2933772059924593,0.0,0.9999999999999999,0.043478260869565216,0.45726715298751686,0.18187992393371377,0.9486951088117352
VIRGEN DEL REMEDIO,COMERCIO,0.39173087266313894,0.025857833630698265,0.9005528843829257,0.08695652173913043,0.33560065602692424,0.18187992393371377,0.8176771252777153
VIRGEN DEL REMEDIO,CULTURAL,0.39173087266313894,0.025857833630698265,0.9005528843829257,0.08695652173913043,0.33560065602692424,0.18187992393371377,0.8629967039575246
VIRGEN DEL REMEDIO,DEPORTIVO,0.39173087266313894,0.025857833630698265,0.9005528843829257,0.08695652173913043,0.33560065602692424,0.18187992393371377,0.8716450976950729
VIRGEN DEL REMEDIO,EDIF. SINGULAR,0.39173087266313894,0.025857833630698265,0.9005528843829257,0.08695652173913043,0.33560065602692424,0.18187992393371377,0.8522874941439158
VIRGEN DEL REMEDIO,ESPECTACULOS,0.39173087266313894,0.025857833630698265,0.9005528843829257,0.08695652173913043,0.33560065602692424,0.18187992393371377,0.8629967039575246
VIRGEN DEL REMEDIO,INDUSTRIAL,0.39173087266313894,0.025857833630698265,0.9005528843829257,0.08695652173913043,0.33560065602692424,0.18187992393371377,0.8690760906087667
VIRGEN DEL REMEDIO,OCIO-HOSTELERIA,0.39173087266313894,0.025857833630698265,0.9005528843829257,0.08695652173913043,0.33560065602692424,0.18187992393371377,0.8629967039575246
VIRGEN DEL REMEDIO,OFICINA,0.39173087266313894,0.025857833630698265,0.9005528843829257,0.08695652173913043,0.33560065602692424,0.18187992393371377,0.7385953672712513
VIRGEN DEL REMEDIO,PUERTOS COMERC.,0.39173087266313894,0.025857833630698265,0.9005528843829257,0.08695652173913043,0.33560065602692424,0.18187992393371377,0.8542825395208273
VIRGEN DEL REMEDIO,RELIGIOSO,0.39173087266313894,0.025857833630698265,0.9005528843829257,0.08695652173913043,0.33560065602692424,0.18187992393371377,0.8629967039575246
VIRGEN DEL REMEDIO,RESIDENCIAL,0.39173087266313894,0.025857833630698265,0.9005528843829257,0.08695652173913043,0.33560065602692424,0.18187992393371377,0.8658559046810423
VIRGEN DEL REMEDIO,"SANIDAD,BENEF.",0.39173087266313894,0.025857833630698265,0.9005528843829257,0.08695652173913043,0.33560065602692424,0.18187992393371377,0.7944391365962373
VIRGEN DEL REMEDIO,SOLARES,0.39173087266313894,0.025857833630698265,0.9005528843829257,0.08695652173913043,0.33560065602692424,0.18187992393371377,0.9610616508836154
VISTAHERMOSA,COMERCIO,0.34397027009618447,0.009264200166014237,0.5600100600621474,0.43478260869565216,0.8544455222326705,0.6906411301276828,0.6645277365371838
VISTAHERMOSA,CULTURAL,0.34397027009618447,0.009264200166014237,0.5600100600621474,0.43478260869565216,0.8544455222326705,0.6906411301276828,0.7465023863066844
VISTAHERMOSA,DEPORTIVO,0.34397027009618447,0.009264200166014237,0.5600100600621474,0.43478260869565216,0.8544455222326705,0.6906411301276828,0.7443925756937739
VISTAHERMOSA,EDIF. SINGULAR,0.34397027009618447,0.009264200166014237,0.5600100600621474,0.43478260869565216,0.8544455222326705,0.6906411301276828,0.7385010528256015
VISTAHERMOSA,ESPECTACULOS,0.34397027009618447,0.009264200166014237,0.5600100600621474,0.43478260869565216,0.8544455222326705,0.6906411301276828,0.7492102626392105
VISTAHERMOSA,INDUSTRIAL,0.34397027009618447,0.009264200166014237,0.5600100600621474,0.43478260869565216,0.8544455222326705,0.6906411301276828,0.755042076406732
VISTAHERMOSA,OCIO-HOSTELERIA,0.34397027009618447,0.009264200166014237,0.5600100600621474,0.43478260869565216,0.8544455222326705,0.6906411301276828,0.7492102626392105
VISTAHERMOSA,OFICINA,0.34397027009618447,0.009264200166014237,0.5600100600621474,0.43478260869565216,0.8544455222326705,0.6906411301276828,0.6328703660032011
VISTAHERMOSA,PUERTOS COMERC.,0.34397027009618447,0.009264200166014237,0.5600100600621474,0.43478260869565216,0.8544455222326705,0.6906411301276828,0.7123532692528771
VISTAHERMOSA,RELIGIOSO,0.34397027009618447,0.009264200166014237,0.5600100600621474,0.43478260869565216,0.8544455222326705,0.6906411301276828,0.7492102626392105
VISTAHERMOSA,RESIDENCIAL,0.34397027009618447,0.009264200166014237,0.5600100600621474,0.43478260869565216,0.8544455222326705,0.6906411301276828,0.7521339410918289
VISTAHERMOSA,"SANIDAD,BENEF.",0.34397027009618447,0.009264200166014237,0.5600100600621474,0.43478260869565216,0.8544455222326705,0.6906411301276828,0.7398789709372826
VISTAHERMOSA,SOLARES,0.34397027009618447,0.009264200166014237,0.5600100600621474,0.43478260869565216,0.8544455222326705,0.6906411301276828,0.8300221135265295
